--
-- PostgreSQL database dump
--

-- Dumped from database version 14.11 (Ubuntu 14.11-0ubuntu0.22.04.1)
-- Dumped by pg_dump version 14.11 (Ubuntu 14.11-0ubuntu0.22.04.1)

SET statement_timeout = 0;
SET lock_timeout = 0;
SET idle_in_transaction_session_timeout = 0;
SET client_encoding = 'UTF8';
SET standard_conforming_strings = on;
SELECT pg_catalog.set_config('search_path', '', false);
SET check_function_bodies = false;
SET xmloption = content;
SET client_min_messages = warning;
SET row_security = off;

SET default_tablespace = '';

SET default_table_access_method = heap;

--
-- Name: answer; Type: TABLE; Schema: public; Owner: oquiz
--

CREATE TABLE public.answer (
    id integer NOT NULL,
    description text,
    question_id integer NOT NULL,
    is_valid boolean DEFAULT false NOT NULL,
    created_at timestamp with time zone DEFAULT CURRENT_TIMESTAMP NOT NULL,
    updated_at timestamp with time zone
);


ALTER TABLE public.answer OWNER TO oquiz;

--
-- Name: answer_id_seq; Type: SEQUENCE; Schema: public; Owner: oquiz
--

ALTER TABLE public.answer ALTER COLUMN id ADD GENERATED BY DEFAULT AS IDENTITY (
    SEQUENCE NAME public.answer_id_seq
    START WITH 1
    INCREMENT BY 1
    NO MINVALUE
    NO MAXVALUE
    CACHE 1
);


--
-- Name: level; Type: TABLE; Schema: public; Owner: oquiz
--

CREATE TABLE public.level (
    id integer NOT NULL,
    name text,
    created_at timestamp with time zone DEFAULT CURRENT_TIMESTAMP NOT NULL,
    updated_at timestamp with time zone
);


ALTER TABLE public.level OWNER TO oquiz;

--
-- Name: level_id_seq; Type: SEQUENCE; Schema: public; Owner: oquiz
--

ALTER TABLE public.level ALTER COLUMN id ADD GENERATED BY DEFAULT AS IDENTITY (
    SEQUENCE NAME public.level_id_seq
    START WITH 1
    INCREMENT BY 1
    NO MINVALUE
    NO MAXVALUE
    CACHE 1
);


--
-- Name: question; Type: TABLE; Schema: public; Owner: oquiz
--

CREATE TABLE public.question (
    id integer NOT NULL,
    description text,
    wiki text,
    anecdote text,
    quiz_id integer NOT NULL,
    level_id integer,
    created_at timestamp with time zone DEFAULT CURRENT_TIMESTAMP NOT NULL,
    updated_at timestamp with time zone
);


ALTER TABLE public.question OWNER TO oquiz;

--
-- Name: question_id_seq; Type: SEQUENCE; Schema: public; Owner: oquiz
--

ALTER TABLE public.question ALTER COLUMN id ADD GENERATED BY DEFAULT AS IDENTITY (
    SEQUENCE NAME public.question_id_seq
    START WITH 1
    INCREMENT BY 1
    NO MINVALUE
    NO MAXVALUE
    CACHE 1
);


--
-- Name: quiz; Type: TABLE; Schema: public; Owner: oquiz
--

CREATE TABLE public.quiz (
    id integer NOT NULL,
    title text,
    description text,
    user_id integer NOT NULL,
    created_at timestamp with time zone DEFAULT CURRENT_TIMESTAMP NOT NULL,
    updated_at timestamp with time zone
);


ALTER TABLE public.quiz OWNER TO oquiz;

--
-- Name: quiz_has_tag; Type: TABLE; Schema: public; Owner: oquiz
--

CREATE TABLE public.quiz_has_tag (
    id integer NOT NULL,
    quiz_id integer NOT NULL,
    tag_id integer NOT NULL,
    created_at timestamp with time zone DEFAULT CURRENT_TIMESTAMP NOT NULL,
    updated_at timestamp with time zone
);


ALTER TABLE public.quiz_has_tag OWNER TO oquiz;

--
-- Name: quiz_has_tag_id_seq; Type: SEQUENCE; Schema: public; Owner: oquiz
--

ALTER TABLE public.quiz_has_tag ALTER COLUMN id ADD GENERATED BY DEFAULT AS IDENTITY (
    SEQUENCE NAME public.quiz_has_tag_id_seq
    START WITH 1
    INCREMENT BY 1
    NO MINVALUE
    NO MAXVALUE
    CACHE 1
);


--
-- Name: quiz_id_seq; Type: SEQUENCE; Schema: public; Owner: oquiz
--

ALTER TABLE public.quiz ALTER COLUMN id ADD GENERATED BY DEFAULT AS IDENTITY (
    SEQUENCE NAME public.quiz_id_seq
    START WITH 1
    INCREMENT BY 1
    NO MINVALUE
    NO MAXVALUE
    CACHE 1
);


--
-- Name: tag; Type: TABLE; Schema: public; Owner: oquiz
--

CREATE TABLE public.tag (
    id integer NOT NULL,
    name text,
    created_at timestamp with time zone DEFAULT CURRENT_TIMESTAMP NOT NULL,
    updated_at timestamp with time zone
);


ALTER TABLE public.tag OWNER TO oquiz;

--
-- Name: tag_id_seq; Type: SEQUENCE; Schema: public; Owner: oquiz
--

ALTER TABLE public.tag ALTER COLUMN id ADD GENERATED BY DEFAULT AS IDENTITY (
    SEQUENCE NAME public.tag_id_seq
    START WITH 1
    INCREMENT BY 1
    NO MINVALUE
    NO MAXVALUE
    CACHE 1
);


--
-- Name: user; Type: TABLE; Schema: public; Owner: oquiz
--

CREATE TABLE public."user" (
    id integer NOT NULL,
    email text,
    firstname text,
    lastname text,
    password text,
    created_at timestamp with time zone DEFAULT CURRENT_TIMESTAMP NOT NULL,
    updated_at timestamp with time zone
);


ALTER TABLE public."user" OWNER TO oquiz;

--
-- Name: user_id_seq; Type: SEQUENCE; Schema: public; Owner: oquiz
--

ALTER TABLE public."user" ALTER COLUMN id ADD GENERATED BY DEFAULT AS IDENTITY (
    SEQUENCE NAME public.user_id_seq
    START WITH 1
    INCREMENT BY 1
    NO MINVALUE
    NO MAXVALUE
    CACHE 1
);


--
-- Data for Name: answer; Type: TABLE DATA; Schema: public; Owner: oquiz
--

COPY public.answer (id, description, question_id, is_valid, created_at, updated_at) FROM stdin;
1	Un gland	1	t	2024-12-02 13:49:37.089448+01	\N
2	Willy	2	t	2024-12-02 13:49:37.089448+01	\N
3	Un requin	3	t	2024-12-02 13:49:37.089448+01	\N
4	Dingo	4	t	2024-12-02 13:49:37.089448+01	\N
5	Rox	5	t	2024-12-02 13:49:37.089448+01	\N
6	Pluto	6	t	2024-12-02 13:49:37.089448+01	\N
7	Jerry	7	t	2024-12-02 13:49:37.089448+01	\N
8	Scooby-Doo	8	t	2024-12-02 13:49:37.089448+01	\N
9	Daffy Duck	9	t	2024-12-02 13:49:37.089448+01	\N
10	Un cochon	10	t	2024-12-02 13:49:37.089448+01	\N
11	Un suricate	11	t	2024-12-02 13:49:37.089448+01	\N
12	Beethoven	12	t	2024-12-02 13:49:37.089448+01	\N
13	Dalmatien	13	t	2024-12-02 13:49:37.089448+01	\N
14	Un éléphant	14	t	2024-12-02 13:49:37.089448+01	\N
15	L'Ingénu	15	t	2024-12-02 13:49:37.089448+01	\N
16	Hello Kitty	16	t	2024-12-02 13:49:37.089448+01	\N
17	Gromit	17	t	2024-12-02 13:49:37.089448+01	\N
18	Félix	18	t	2024-12-02 13:49:37.089448+01	\N
19	Une fourmi	19	t	2024-12-02 13:49:37.089448+01	\N
20	Lucky Luke	20	t	2024-12-02 13:49:37.089448+01	\N
21	Un renard	21	t	2024-12-02 13:49:37.089448+01	\N
22	Un lapin	22	t	2024-12-02 13:49:37.089448+01	\N
23	Belle	23	t	2024-12-02 13:49:37.089448+01	\N
24	Franklin	24	t	2024-12-02 13:49:37.089448+01	\N
25	Buddy	25	t	2024-12-02 13:49:37.089448+01	\N
26	Nana	26	t	2024-12-02 13:49:37.089448+01	\N
27	Lil Bub	27	t	2024-12-02 13:49:37.089448+01	\N
28	Chipeur	28	t	2024-12-02 13:49:37.089448+01	\N
29	Edmond	29	t	2024-12-02 13:49:37.089448+01	\N
30	Oberhausen	30	t	2024-12-02 13:49:37.089448+01	\N
31	Cacaoyer	31	t	2024-12-02 13:49:37.089448+01	\N
32	Beurre de cacao	32	t	2024-12-02 13:49:37.089448+01	\N
33	On les grille	33	t	2024-12-02 13:49:37.089448+01	\N
34	Noir	34	t	2024-12-02 13:49:37.089448+01	\N
35	Suchard	35	t	2024-12-02 13:49:37.089448+01	\N
36	La mort	36	t	2024-12-02 13:49:37.089448+01	\N
37	Noir	37	t	2024-12-02 13:49:37.089448+01	\N
38	Juliette Binoche	38	t	2024-12-02 13:49:37.089448+01	\N
39	Cabosse	39	t	2024-12-02 13:49:37.089448+01	\N
40	Noir	40	t	2024-12-02 13:49:37.089448+01	\N
41	Les Mayas	41	t	2024-12-02 13:49:37.089448+01	\N
42	Une quarantaine	42	t	2024-12-02 13:49:37.089448+01	\N
43	La Côte d'Ivoire	43	t	2024-12-02 13:49:37.089448+01	\N
44	La pâte de cacao	44	t	2024-12-02 13:49:37.089448+01	\N
45	L'Angleterre	45	t	2024-12-02 13:49:37.089448+01	\N
46	Deux	46	t	2024-12-02 13:49:37.089448+01	\N
47	La Suisse	47	t	2024-12-02 13:49:37.089448+01	\N
48	Du Mexique	48	t	2024-12-02 13:49:37.089448+01	\N
49	Blanc	49	t	2024-12-02 13:49:37.089448+01	\N
50	20	50	t	2024-12-02 13:49:37.089448+01	\N
51	Un mariage	51	t	2024-12-02 13:49:37.089448+01	\N
52	Les Olmèques	52	t	2024-12-02 13:49:37.089448+01	\N
53	En Espagne	53	t	2024-12-02 13:49:37.089448+01	\N
54	100 000	54	t	2024-12-02 13:49:37.089448+01	\N
55	Cortés	55	t	2024-12-02 13:49:37.089448+01	\N
56	Grand cru	56	t	2024-12-02 13:49:37.089448+01	\N
57	La masse	57	t	2024-12-02 13:49:37.089448+01	\N
58	Le tourteau	58	t	2024-12-02 13:49:37.089448+01	\N
59	Chocolat amer	59	t	2024-12-02 13:49:37.089448+01	\N
60	Érotique	60	t	2024-12-02 13:49:37.089448+01	\N
61	Linus Torvalds	61	t	2024-12-02 13:49:37.089448+01	\N
62	Il est libre	62	t	2024-12-02 13:49:37.089448+01	\N
63	Un manchot	63	t	2024-12-02 13:49:37.089448+01	\N
64	Rm	64	t	2024-12-02 13:49:37.089448+01	\N
65	Red Hat	65	t	2024-12-02 13:49:37.089448+01	\N
66	Android	66	t	2024-12-02 13:49:37.089448+01	\N
67	Une distribution	67	t	2024-12-02 13:49:37.089448+01	\N
68	Apache	68	t	2024-12-02 13:49:37.089448+01	\N
69	Tux	69	t	2024-12-02 13:49:37.089448+01	\N
70	Cat	70	t	2024-12-02 13:49:37.089448+01	\N
71	1991	71	t	2024-12-02 13:49:37.089448+01	\N
72	Ubuntu	72	t	2024-12-02 13:49:37.089448+01	\N
73	Konqueror	73	t	2024-12-02 13:49:37.089448+01	\N
74	Mandriva	74	t	2024-12-02 13:49:37.089448+01	\N
75	.deb	75	t	2024-12-02 13:49:37.089448+01	\N
76	Useradd	76	t	2024-12-02 13:49:37.089448+01	\N
77	GNU	77	t	2024-12-02 13:49:37.089448+01	\N
78	Debian	78	t	2024-12-02 13:49:37.089448+01	\N
79	Slackware	79	t	2024-12-02 13:49:37.089448+01	\N
80	X Window	80	t	2024-12-02 13:49:37.089448+01	\N
81	Richard Stallman	81	t	2024-12-02 13:49:37.089448+01	\N
82	XMMS	82	t	2024-12-02 13:49:37.089448+01	\N
83	Canonical	83	t	2024-12-02 13:49:37.089448+01	\N
84	SUSE	84	t	2024-12-02 13:49:37.089448+01	\N
85	Debian	85	t	2024-12-02 13:49:37.089448+01	\N
86	Cuba	86	t	2024-12-02 13:49:37.089448+01	\N
87	Larry Ewing	87	t	2024-12-02 13:49:37.089448+01	\N
88	Quake III Arena	88	t	2024-12-02 13:49:37.089448+01	\N
89	Pandora	89	t	2024-12-02 13:49:37.089448+01	\N
90	Freax	90	t	2024-12-02 13:49:37.089448+01	\N
91	Anakin Skywalker	91	t	2024-12-02 13:49:37.089448+01	\N
92	Yoda	92	t	2024-12-02 13:49:37.089448+01	\N
93	Jedi	93	t	2024-12-02 13:49:37.089448+01	\N
94	L'Étoile Noire	94	t	2024-12-02 13:49:37.089448+01	\N
95	Sénatrice Padme	95	t	2024-12-02 13:49:37.089448+01	\N
96	De module	96	t	2024-12-02 13:49:37.089448+01	\N
97	La Force	97	t	2024-12-02 13:49:37.089448+01	\N
98	Les siths	98	t	2024-12-02 13:49:37.089448+01	\N
99	Han Solo	99	t	2024-12-02 13:49:37.089448+01	\N
100	L'armée des clones	100	t	2024-12-02 13:49:37.089448+01	\N
101	Palpatine	101	t	2024-12-02 13:49:37.089448+01	\N
102	Han Solo	102	t	2024-12-02 13:49:37.089448+01	\N
103	Il perd une main	103	t	2024-12-02 13:49:37.089448+01	\N
104	Mace Windu	104	t	2024-12-02 13:49:37.089448+01	\N
105	Qui-Gon Jinn	105	t	2024-12-02 13:49:37.089448+01	\N
106	Dark Maul	106	t	2024-12-02 13:49:37.089448+01	\N
107	Faucon Millénium	107	t	2024-12-02 13:49:37.089448+01	\N
108	Han Solo	108	t	2024-12-02 13:49:37.089448+01	\N
109	Tatooine	109	t	2024-12-02 13:49:37.089448+01	\N
110	Boba Fett	110	t	2024-12-02 13:49:37.089448+01	\N
111	Midi-chloriens	111	t	2024-12-02 13:49:37.089448+01	\N
112	Plus de 20 000	112	t	2024-12-02 13:49:37.089448+01	\N
113	Dark Plagueis	113	t	2024-12-02 13:49:37.089448+01	\N
114	5 et 6	114	t	2024-12-02 13:49:37.089448+01	\N
115	Bataille de Yavin	115	t	2024-12-02 13:49:37.089448+01	\N
116	L'avoir sauvé	116	t	2024-12-02 13:49:37.089448+01	\N
117	Lando Calrissian	117	t	2024-12-02 13:49:37.089448+01	\N
118	Dagobah	118	t	2024-12-02 13:49:37.089448+01	\N
119	Dark Vador	119	t	2024-12-02 13:49:37.089448+01	\N
120	28 ans	120	t	2024-12-02 13:49:37.089448+01	\N
121	La Kriek	121	t	2024-12-02 13:49:37.089448+01	\N
122	Rouge	122	t	2024-12-02 13:49:37.089448+01	\N
123	La Bush	123	t	2024-12-02 13:49:37.089448+01	\N
124	Bière d'Abbaye	124	t	2024-12-02 13:49:37.089448+01	\N
125	Kwak	125	t	2024-12-02 13:49:37.089448+01	\N
126	Bouchon mécanique	126	t	2024-12-02 13:49:37.089448+01	\N
127	Hoegaarden	127	t	2024-12-02 13:49:37.089448+01	\N
128	Rosée	128	t	2024-12-02 13:49:37.089448+01	\N
129	Orval	129	t	2024-12-02 13:49:37.089448+01	\N
130	Barbar	130	t	2024-12-02 13:49:37.089448+01	\N
131	33 cl	131	t	2024-12-02 13:49:37.089448+01	\N
132	Rochefort 12	132	t	2024-12-02 13:49:37.089448+01	\N
133	Charles Quint	133	t	2024-12-02 13:49:37.089448+01	\N
134	Ciney	134	t	2024-12-02 13:49:37.089448+01	\N
135	Bleue	135	t	2024-12-02 13:49:37.089448+01	\N
136	Moinette	136	t	2024-12-02 13:49:37.089448+01	\N
137	St Feuillien	137	t	2024-12-02 13:49:37.089448+01	\N
138	Grimbergen	138	t	2024-12-02 13:49:37.089448+01	\N
139	Judas	139	t	2024-12-02 13:49:37.089448+01	\N
140	La Chouffe	140	t	2024-12-02 13:49:37.089448+01	\N
141	Lambic	141	t	2024-12-02 13:49:37.089448+01	\N
142	Van Honsebrouck	142	t	2024-12-02 13:49:37.089448+01	\N
143	Caracole	143	t	2024-12-02 13:49:37.089448+01	\N
144	Un cheval	144	t	2024-12-02 13:49:37.089448+01	\N
145	Saison 1900	145	t	2024-12-02 13:49:37.089448+01	\N
146	Blanche du Hainaut	146	t	2024-12-02 13:49:37.089448+01	\N
147	Blanche	147	t	2024-12-02 13:49:37.089448+01	\N
148	Bon Secours	148	t	2024-12-02 13:49:37.089448+01	\N
149	Ename	149	t	2024-12-02 13:49:37.089448+01	\N
150	Gouyasse	150	t	2024-12-02 13:49:37.089448+01	\N
151	Belle des Champs	151	t	2024-12-02 13:49:37.089448+01	\N
152	Babybel	152	t	2024-12-02 13:49:37.089448+01	\N
153	Boursin	153	t	2024-12-02 13:49:37.089448+01	\N
154	Le brie	154	t	2024-12-02 13:49:37.089448+01	\N
155	Le comté	155	t	2024-12-02 13:49:37.089448+01	\N
156	Emmental	156	t	2024-12-02 13:49:37.089448+01	\N
157	Le gruyère	157	t	2024-12-02 13:49:37.089448+01	\N
158	Le maroilles	158	t	2024-12-02 13:49:37.089448+01	\N
159	Le petit-suisse 	159	t	2024-12-02 13:49:37.089448+01	\N
160	Le Bergues	160	t	2024-12-02 13:49:37.089448+01	\N
161	Le beaufort	161	t	2024-12-02 13:49:37.089448+01	\N
162	Époisses	162	t	2024-12-02 13:49:37.089448+01	\N
163	La Mimolette vieille	163	t	2024-12-02 13:49:37.089448+01	\N
164	Reblochon	164	t	2024-12-02 13:49:37.089448+01	\N
165	Le roquefort	165	t	2024-12-02 13:49:37.089448+01	\N
166	Saint-nectaire	166	t	2024-12-02 13:49:37.089448+01	\N
167	Le dauphin	167	t	2024-12-02 13:49:37.089448+01	\N
168	Le figou	168	t	2024-12-02 13:49:37.089448+01	\N
169	Le saint-marcellin	169	t	2024-12-02 13:49:37.089448+01	\N
170	La tomme de Savoie	170	t	2024-12-02 13:49:37.089448+01	\N
171	Beaufort	171	t	2024-12-02 13:49:37.089448+01	\N
172	Brillat-savarin	172	t	2024-12-02 13:49:37.089448+01	\N
173	Le coulommiers	173	t	2024-12-02 13:49:37.089448+01	\N
174	Le livarot	174	t	2024-12-02 13:49:37.089448+01	\N
175	Le morbier	175	t	2024-12-02 13:49:37.089448+01	\N
176	Le laguiole	176	t	2024-12-02 13:49:37.089448+01	\N
177	400	177	t	2024-12-02 13:49:37.089448+01	\N
178	Le munster	178	t	2024-12-02 13:49:37.089448+01	\N
179	Le barousse	179	t	2024-12-02 13:49:37.089448+01	\N
180	Le Curé nantais	180	t	2024-12-02 13:49:37.089448+01	\N
265	Une pierre	1	f	2024-12-02 13:49:37.089448+01	\N
266	Tom	2	f	2024-12-02 13:49:37.089448+01	\N
267	Une orque	3	f	2024-12-02 13:49:37.089448+01	\N
268	Félix	4	f	2024-12-02 13:49:37.089448+01	\N
269	Alex	5	f	2024-12-02 13:49:37.089448+01	\N
270	Hector	6	f	2024-12-02 13:49:37.089448+01	\N
271	Titi	7	f	2024-12-02 13:49:37.089448+01	\N
272	Pluto	8	f	2024-12-02 13:49:37.089448+01	\N
273	Titi	9	f	2024-12-02 13:49:37.089448+01	\N
274	Un mouton	10	f	2024-12-02 13:49:37.089448+01	\N
275	Un écureuil	11	f	2024-12-02 13:49:37.089448+01	\N
276	Mozart	12	f	2024-12-02 13:49:37.089448+01	\N
277	Berger allemand	13	f	2024-12-02 13:49:37.089448+01	\N
278	Une girafe	14	f	2024-12-02 13:49:37.089448+01	\N
279	L'Affranchi	15	f	2024-12-02 13:49:37.089448+01	\N
280	Hola Ginola	16	f	2024-12-02 13:49:37.089448+01	\N
281	Rouky	17	f	2024-12-02 13:49:37.089448+01	\N
282	Figaro	18	f	2024-12-02 13:49:37.089448+01	\N
283	Un cafard	19	f	2024-12-02 13:49:37.089448+01	\N
284	Gaston Lagaffe	20	f	2024-12-02 13:49:37.089448+01	\N
285	Un lion	21	f	2024-12-02 13:49:37.089448+01	\N
286	Un renard	22	f	2024-12-02 13:49:37.089448+01	\N
287	Simba	23	f	2024-12-02 13:49:37.089448+01	\N
288	Gamera	24	f	2024-12-02 13:49:37.089448+01	\N
289	Snoopy	25	f	2024-12-02 13:49:37.089448+01	\N
290	Belle	26	f	2024-12-02 13:49:37.089448+01	\N
291	Bébert	27	f	2024-12-02 13:49:37.089448+01	\N
292	Silver	28	f	2024-12-02 13:49:37.089448+01	\N
293	Babe	29	f	2024-12-02 13:49:37.089448+01	\N
294	Brunswick	30	f	2024-12-02 13:49:37.089448+01	\N
295	Pacanier	31	f	2024-12-02 13:49:37.089448+01	\N
296	Saindoux	32	f	2024-12-02 13:49:37.089448+01	\N
297	On les écrase	33	f	2024-12-02 13:49:37.089448+01	\N
298	Blanc	34	f	2024-12-02 13:49:37.089448+01	\N
299	Lindt	35	f	2024-12-02 13:49:37.089448+01	\N
300	La paralysie	36	f	2024-12-02 13:49:37.089448+01	\N
301	Au lait	37	f	2024-12-02 13:49:37.089448+01	\N
302	Isabelle Adjani	38	f	2024-12-02 13:49:37.089448+01	\N
303	Caboche	39	f	2024-12-02 13:49:37.089448+01	\N
304	Blanc	40	f	2024-12-02 13:49:37.089448+01	\N
305	Les Incas	41	f	2024-12-02 13:49:37.089448+01	\N
306	Une dizaine	42	f	2024-12-02 13:49:37.089448+01	\N
307	Le Brésil	43	f	2024-12-02 13:49:37.089448+01	\N
308	Le lait	44	f	2024-12-02 13:49:37.089448+01	\N
309	La Suisse	45	f	2024-12-02 13:49:37.089448+01	\N
310	Quatre	46	f	2024-12-02 13:49:37.089448+01	\N
311	La Belgique	47	f	2024-12-02 13:49:37.089448+01	\N
312	De Bolivie	48	f	2024-12-02 13:49:37.089448+01	\N
313	Noir	49	f	2024-12-02 13:49:37.089448+01	\N
314	200	50	f	2024-12-02 13:49:37.089448+01	\N
315	Un décès	51	f	2024-12-02 13:49:37.089448+01	\N
316	Les Africains	52	f	2024-12-02 13:49:37.089448+01	\N
317	En Italie	53	f	2024-12-02 13:49:37.089448+01	\N
318	10 000	54	f	2024-12-02 13:49:37.089448+01	\N
319	Christophe Colomb	55	f	2024-12-02 13:49:37.089448+01	\N
320	Origine	56	f	2024-12-02 13:49:37.089448+01	\N
321	La tasse	57	f	2024-12-02 13:49:37.089448+01	\N
322	Le crabe	58	f	2024-12-02 13:49:37.089448+01	\N
323	Chocolat noir	59	f	2024-12-02 13:49:37.089448+01	\N
324	Jeunesse	60	f	2024-12-02 13:49:37.089448+01	\N
325	Steeve Jobs	61	f	2024-12-02 13:49:37.089448+01	\N
326	Il est beau	62	f	2024-12-02 13:49:37.089448+01	\N
327	Une marmotte	63	f	2024-12-02 13:49:37.089448+01	\N
328	Rem	64	f	2024-12-02 13:49:37.089448+01	\N
329	Zubuntu	65	f	2024-12-02 13:49:37.089448+01	\N
330	iOS	66	f	2024-12-02 13:49:37.089448+01	\N
331	Un progiciel	67	f	2024-12-02 13:49:37.089448+01	\N
332	Comanche	68	f	2024-12-02 13:49:37.089448+01	\N
333	Wilber	69	f	2024-12-02 13:49:37.089448+01	\N
334	Type	70	f	2024-12-02 13:49:37.089448+01	\N
335	1993	71	f	2024-12-02 13:49:37.089448+01	\N
336	Gentoo	72	f	2024-12-02 13:49:37.089448+01	\N
337	Firefox	73	f	2024-12-02 13:49:37.089448+01	\N
338	Debian	74	f	2024-12-02 13:49:37.089448+01	\N
339	.dev	75	f	2024-12-02 13:49:37.089448+01	\N
340	Adduser	76	f	2024-12-02 13:49:37.089448+01	\N
341	BSD	77	f	2024-12-02 13:49:37.089448+01	\N
342	Red Hat	78	f	2024-12-02 13:49:37.089448+01	\N
343	Ubuntu	79	f	2024-12-02 13:49:37.089448+01	\N
344	K Window	80	f	2024-12-02 13:49:37.089448+01	\N
345	Linus Torvalds	81	f	2024-12-02 13:49:37.089448+01	\N
346	Mplayer	82	f	2024-12-02 13:49:37.089448+01	\N
347	Pentax	83	f	2024-12-02 13:49:37.089448+01	\N
348	Red Hat	84	f	2024-12-02 13:49:37.089448+01	\N
349	SUSE	85	f	2024-12-02 13:49:37.089448+01	\N
350	Le Venezuela	86	f	2024-12-02 13:49:37.089448+01	\N
351	Jeffrey Lynch	87	f	2024-12-02 13:49:37.089448+01	\N
352	Super Mario Kart	88	f	2024-12-02 13:49:37.089448+01	\N
353	Game Gear	89	f	2024-12-02 13:49:37.089448+01	\N
354	Serval	90	f	2024-12-02 13:49:37.089448+01	\N
355	Yoda	91	f	2024-12-02 13:49:37.089448+01	\N
356	Anakin Skywalker	92	f	2024-12-02 13:49:37.089448+01	\N
357	Zodiak	93	f	2024-12-02 13:49:37.089448+01	\N
358	L'Étoile qui tue	94	f	2024-12-02 13:49:37.089448+01	\N
359	Leia Organa	95	f	2024-12-02 13:49:37.089448+01	\N
360	De nodule	96	f	2024-12-02 13:49:37.089448+01	\N
361	La lumière	97	f	2024-12-02 13:49:37.089448+01	\N
362	Les friths	98	f	2024-12-02 13:49:37.089448+01	\N
363	Luke Skywalker	99	f	2024-12-02 13:49:37.089448+01	\N
364	Les faucons	100	f	2024-12-02 13:49:37.089448+01	\N
365	Padme Amidala	101	f	2024-12-02 13:49:37.089448+01	\N
366	Obi-Wan Kenobi	102	f	2024-12-02 13:49:37.089448+01	\N
367	Il gagne le duel	103	f	2024-12-02 13:49:37.089448+01	\N
368	Anakin Skywalker	104	f	2024-12-02 13:49:37.089448+01	\N
369	Ki-Adi-Mundi	105	f	2024-12-02 13:49:37.089448+01	\N
370	Dark Sidious	106	f	2024-12-02 13:49:37.089448+01	\N
371	Anneau Solaire	107	f	2024-12-02 13:49:37.089448+01	\N
372	Luke Skywalker	108	f	2024-12-02 13:49:37.089448+01	\N
373	Dagobah	109	f	2024-12-02 13:49:37.089448+01	\N
374	Jabba le Hutt	110	f	2024-12-02 13:49:37.089448+01	\N
375	Meti-chlorien	111	f	2024-12-02 13:49:37.089448+01	\N
376	Plus de 10 000	112	f	2024-12-02 13:49:37.089448+01	\N
377	Dark Vador	113	f	2024-12-02 13:49:37.089448+01	\N
378	1 à 3	114	f	2024-12-02 13:49:37.089448+01	\N
379	Bataille de Jaku	115	f	2024-12-02 13:49:37.089448+01	\N
380	L'avoir retrouvé	116	f	2024-12-02 13:49:37.089448+01	\N
381	Jabba le Hutt	117	f	2024-12-02 13:49:37.089448+01	\N
382	Naboo	118	f	2024-12-02 13:49:37.089448+01	\N
383	Luke Skywalker	119	f	2024-12-02 13:49:37.089448+01	\N
384	26 ans	120	f	2024-12-02 13:49:37.089448+01	\N
385	La Chimay	121	f	2024-12-02 13:49:37.089448+01	\N
386	Blonde	122	f	2024-12-02 13:49:37.089448+01	\N
387	La Mort Subite	123	f	2024-12-02 13:49:37.089448+01	\N
388	Bière Bio	124	f	2024-12-02 13:49:37.089448+01	\N
389	Lupulus	125	f	2024-12-02 13:49:37.089448+01	\N
390	Capsule	126	f	2024-12-02 13:49:37.089448+01	\N
391	Bacchus	127	f	2024-12-02 13:49:37.089448+01	\N
392	Blanche	128	f	2024-12-02 13:49:37.089448+01	\N
393	Leffe	129	f	2024-12-02 13:49:37.089448+01	\N
394	Ename	130	f	2024-12-02 13:49:37.089448+01	\N
395	25 cl	131	f	2024-12-02 13:49:37.089448+01	\N
396	Rochefort 10	132	f	2024-12-02 13:49:37.089448+01	\N
397	Ferdinand Ier	133	f	2024-12-02 13:49:37.089448+01	\N
398	Couvin	134	f	2024-12-02 13:49:37.089448+01	\N
399	Rouge	135	f	2024-12-02 13:49:37.089448+01	\N
400	Chimay	136	f	2024-12-02 13:49:37.089448+01	\N
401	Rochefort 10	137	f	2024-12-02 13:49:37.089448+01	\N
402	Westmalle	138	f	2024-12-02 13:49:37.089448+01	\N
403	Hair	139	f	2024-12-02 13:49:37.089448+01	\N
404	La Barbar	140	f	2024-12-02 13:49:37.089448+01	\N
405	Stout	141	f	2024-12-02 13:49:37.089448+01	\N
406	Bosteels	142	f	2024-12-02 13:49:37.089448+01	\N
407	Moinette	143	f	2024-12-02 13:49:37.089448+01	\N
408	Un lion	144	f	2024-12-02 13:49:37.089448+01	\N
409	Saison 1800	145	f	2024-12-02 13:49:37.089448+01	\N
410	Ciney	146	f	2024-12-02 13:49:37.089448+01	\N
411	Ambrée	147	f	2024-12-02 13:49:37.089448+01	\N
412	Charles Quint	148	f	2024-12-02 13:49:37.089448+01	\N
413	Caracole	149	f	2024-12-02 13:49:37.089448+01	\N
414	Judas	150	f	2024-12-02 13:49:37.089448+01	\N
415	Tomme du Jura	151	f	2024-12-02 13:49:37.089448+01	\N
416	Chavroux	152	f	2024-12-02 13:49:37.089448+01	\N
417	Reblochon	153	f	2024-12-02 13:49:37.089448+01	\N
418	Le gruyère	154	f	2024-12-02 13:49:37.089448+01	\N
419	Le fourme	155	f	2024-12-02 13:49:37.089448+01	\N
420	Roquefort	156	f	2024-12-02 13:49:37.089448+01	\N
421	Le brebis	157	f	2024-12-02 13:49:37.089448+01	\N
422	Le brie	158	f	2024-12-02 13:49:37.089448+01	\N
423	Le maroilles	159	f	2024-12-02 13:49:37.089448+01	\N
424	Le livarot	160	f	2024-12-02 13:49:37.089448+01	\N
425	Le brie	161	f	2024-12-02 13:49:37.089448+01	\N
426	Cabecou	162	f	2024-12-02 13:49:37.089448+01	\N
427	Le mouflon	163	f	2024-12-02 13:49:37.089448+01	\N
428	Emmental	164	f	2024-12-02 13:49:37.089448+01	\N
429	Le munster	165	f	2024-12-02 13:49:37.089448+01	\N
430	Époisses	166	f	2024-12-02 13:49:37.089448+01	\N
431	Le marsouin	167	f	2024-12-02 13:49:37.089448+01	\N
432	La tomme de Savoie	168	f	2024-12-02 13:49:37.089448+01	\N
433	Le saint-julien	169	f	2024-12-02 13:49:37.089448+01	\N
434	Le vacherin	170	f	2024-12-02 13:49:37.089448+01	\N
435	Cantal	171	f	2024-12-02 13:49:37.089448+01	\N
436	Pélardon	172	f	2024-12-02 13:49:37.089448+01	\N
437	Le charolais	173	f	2024-12-02 13:49:37.089448+01	\N
438	Le fédou	174	f	2024-12-02 13:49:37.089448+01	\N
439	Le savaron	175	f	2024-12-02 13:49:37.089448+01	\N
440	Le barousse	176	f	2024-12-02 13:49:37.089448+01	\N
441	300	177	f	2024-12-02 13:49:37.089448+01	\N
442	Le morbier	178	f	2024-12-02 13:49:37.089448+01	\N
443	Le Curé nantais	179	f	2024-12-02 13:49:37.089448+01	\N
444	Le boursin	180	f	2024-12-02 13:49:37.089448+01	\N
520	Un os	1	f	2024-12-02 13:49:37.089448+01	\N
521	Monica	2	f	2024-12-02 13:49:37.089448+01	\N
522	Un kraken	3	f	2024-12-02 13:49:37.089448+01	\N
523	Donald	4	f	2024-12-02 13:49:37.089448+01	\N
524	Z	5	f	2024-12-02 13:49:37.089448+01	\N
525	Taz	6	f	2024-12-02 13:49:37.089448+01	\N
526	Manny	7	f	2024-12-02 13:49:37.089448+01	\N
527	Beethoven	8	f	2024-12-02 13:49:37.089448+01	\N
528	Bugs Bunny	9	f	2024-12-02 13:49:37.089448+01	\N
529	Un chien	10	f	2024-12-02 13:49:37.089448+01	\N
530	Un tatou	11	f	2024-12-02 13:49:37.089448+01	\N
531	Chopin	12	f	2024-12-02 13:49:37.089448+01	\N
532	Fox-terrier	13	f	2024-12-02 13:49:37.089448+01	\N
533	Un chien	14	f	2024-12-02 13:49:37.089448+01	\N
534	L'Iconoclaste	15	f	2024-12-02 13:49:37.089448+01	\N
535	Santa Maria	16	f	2024-12-02 13:49:37.089448+01	\N
536	Coyote	17	f	2024-12-02 13:49:37.089448+01	\N
537	José	18	f	2024-12-02 13:49:37.089448+01	\N
538	Une libellule	19	f	2024-12-02 13:49:37.089448+01	\N
539	Tintin	20	f	2024-12-02 13:49:37.089448+01	\N
540	Un ours	21	f	2024-12-02 13:49:37.089448+01	\N
541	Un chien	22	f	2024-12-02 13:49:37.089448+01	\N
542	Daisy	23	f	2024-12-02 13:49:37.089448+01	\N
543	Donatello	24	f	2024-12-02 13:49:37.089448+01	\N
544	Oscar	25	f	2024-12-02 13:49:37.089448+01	\N
545	Jasmine	26	f	2024-12-02 13:49:37.089448+01	\N
546	Simon	27	f	2024-12-02 13:49:37.089448+01	\N
547	Sylvester	28	f	2024-12-02 13:49:37.089448+01	\N
548	Grégoire	29	f	2024-12-02 13:49:37.089448+01	\N
549	Karlsruhe	30	f	2024-12-02 13:49:37.089448+01	\N
550	Cotonnier	31	f	2024-12-02 13:49:37.089448+01	\N
551	Beurre salé	32	f	2024-12-02 13:49:37.089448+01	\N
552	On les épluche	33	f	2024-12-02 13:49:37.089448+01	\N
553	Au lait	34	f	2024-12-02 13:49:37.089448+01	\N
554	Tobler	35	f	2024-12-02 13:49:37.089448+01	\N
555	La cécité	36	f	2024-12-02 13:49:37.089448+01	\N
556	Praliné	37	f	2024-12-02 13:49:37.089448+01	\N
557	Karin Viard	38	f	2024-12-02 13:49:37.089448+01	\N
558	Ciboulot	39	f	2024-12-02 13:49:37.089448+01	\N
559	Au lait	40	f	2024-12-02 13:49:37.089448+01	\N
560	Les Toltèques	41	f	2024-12-02 13:49:37.089448+01	\N
561	Une centaine	42	f	2024-12-02 13:49:37.089448+01	\N
562	Le Mexique	43	f	2024-12-02 13:49:37.089448+01	\N
563	Le beurre	44	f	2024-12-02 13:49:37.089448+01	\N
564	Le Brésil	45	f	2024-12-02 13:49:37.089448+01	\N
565	Six	46	f	2024-12-02 13:49:37.089448+01	\N
566	La France	47	f	2024-12-02 13:49:37.089448+01	\N
567	Du Mozambique	48	f	2024-12-02 13:49:37.089448+01	\N
568	Praliné	49	f	2024-12-02 13:49:37.089448+01	\N
569	2 000	50	f	2024-12-02 13:49:37.089448+01	\N
570	Une naissance	51	f	2024-12-02 13:49:37.089448+01	\N
571	Les Berbères	52	f	2024-12-02 13:49:37.089448+01	\N
572	En Belgique	53	f	2024-12-02 13:49:37.089448+01	\N
573	1 000	54	f	2024-12-02 13:49:37.089448+01	\N
574	Charcot	55	f	2024-12-02 13:49:37.089448+01	\N
575	Premier choix	56	f	2024-12-02 13:49:37.089448+01	\N
576	La crasse	57	f	2024-12-02 13:49:37.089448+01	\N
577	Le homard	58	f	2024-12-02 13:49:37.089448+01	\N
578	Chocolat au lait	59	f	2024-12-02 13:49:37.089448+01	\N
579	Humour	60	f	2024-12-02 13:49:37.089448+01	\N
580	Larry Ellison	61	f	2024-12-02 13:49:37.089448+01	\N
581	Il est Finlandais	62	f	2024-12-02 13:49:37.089448+01	\N
582	Un caribou	63	f	2024-12-02 13:49:37.089448+01	\N
583	Del	64	f	2024-12-02 13:49:37.089448+01	\N
584	Souze	65	f	2024-12-02 13:49:37.089448+01	\N
585	Windows Phone	66	f	2024-12-02 13:49:37.089448+01	\N
586	Un intégré	67	f	2024-12-02 13:49:37.089448+01	\N
587	Siou	68	f	2024-12-02 13:49:37.089448+01	\N
588	Gnu	69	f	2024-12-02 13:49:37.089448+01	\N
589	Man	70	f	2024-12-02 13:49:37.089448+01	\N
590	1995	71	f	2024-12-02 13:49:37.089448+01	\N
591	Mandriva	72	f	2024-12-02 13:49:37.089448+01	\N
592	Netscape	73	f	2024-12-02 13:49:37.089448+01	\N
593	SUSE	74	f	2024-12-02 13:49:37.089448+01	\N
594	.rss	75	f	2024-12-02 13:49:37.089448+01	\N
595	Passwd	76	f	2024-12-02 13:49:37.089448+01	\N
596	Mimix	77	f	2024-12-02 13:49:37.089448+01	\N
597	Slackware	78	f	2024-12-02 13:49:37.089448+01	\N
598	Red Hat	79	f	2024-12-02 13:49:37.089448+01	\N
599	Z Window	80	f	2024-12-02 13:49:37.089448+01	\N
600	John Von Neumann	81	f	2024-12-02 13:49:37.089448+01	\N
601	Tomahawk	82	f	2024-12-02 13:49:37.089448+01	\N
602	Panasonic	83	f	2024-12-02 13:49:37.089448+01	\N
603	Ubuntu	84	f	2024-12-02 13:49:37.089448+01	\N
604	Red Hat	85	f	2024-12-02 13:49:37.089448+01	\N
605	Le Kenya	86	f	2024-12-02 13:49:37.089448+01	\N
606	Rob Janoff	87	f	2024-12-02 13:49:37.089448+01	\N
607	Zelda	88	f	2024-12-02 13:49:37.089448+01	\N
608	N-Gage	89	f	2024-12-02 13:49:37.089448+01	\N
609	Panther	90	f	2024-12-02 13:49:37.089448+01	\N
610	Mace Windu	91	f	2024-12-02 13:49:37.089448+01	\N
611	Jabba	92	f	2024-12-02 13:49:37.089448+01	\N
612	Table ronde	93	f	2024-12-02 13:49:37.089448+01	\N
613	La Lune obscure	94	f	2024-12-02 13:49:37.089448+01	\N
614	Madpe	95	f	2024-12-02 13:49:37.089448+01	\N
615	De acklay	96	f	2024-12-02 13:49:37.089448+01	\N
616	Le langage droïde	97	f	2024-12-02 13:49:37.089448+01	\N
617	Les Ch'tis	98	f	2024-12-02 13:49:37.089448+01	\N
618	Chewbacca	99	f	2024-12-02 13:49:37.089448+01	\N
619	Les Bantha	100	f	2024-12-02 13:49:37.089448+01	\N
620	Valorum	101	f	2024-12-02 13:49:37.089448+01	\N
621	Luke Skywalker	102	f	2024-12-02 13:49:37.089448+01	\N
622	Yoda tue Dooku	103	f	2024-12-02 13:49:37.089448+01	\N
623	Qui Go Jin	104	f	2024-12-02 13:49:37.089448+01	\N
624	Plo Koon	105	f	2024-12-02 13:49:37.089448+01	\N
625	Dark Pantouf	106	f	2024-12-02 13:49:37.089448+01	\N
626	Intergalactique	107	f	2024-12-02 13:49:37.089448+01	\N
627	Obi-Wan Kenobi	108	f	2024-12-02 13:49:37.089448+01	\N
628	Naboo	109	f	2024-12-02 13:49:37.089448+01	\N
629	Han Solo	110	f	2024-12-02 13:49:37.089448+01	\N
630	Chlorydrate	111	f	2024-12-02 13:49:37.089448+01	\N
631	Plus de 5 000	112	f	2024-12-02 13:49:37.089448+01	\N
632	Dark Bane	113	f	2024-12-02 13:49:37.089448+01	\N
633	3 et 4	114	f	2024-12-02 13:49:37.089448+01	\N
634	Bataille de Coruscant	115	f	2024-12-02 13:49:37.089448+01	\N
635	L'avoir trahi	116	f	2024-12-02 13:49:37.089448+01	\N
636	Boba Fett	117	f	2024-12-02 13:49:37.089448+01	\N
637	Utapau	118	f	2024-12-02 13:49:37.089448+01	\N
638	La princesse Leia	119	f	2024-12-02 13:49:37.089448+01	\N
639	24 ans	120	f	2024-12-02 13:49:37.089448+01	\N
640	La Leffe	121	f	2024-12-02 13:49:37.089448+01	\N
641	Ambrée	122	f	2024-12-02 13:49:37.089448+01	\N
642	La Stella	123	f	2024-12-02 13:49:37.089448+01	\N
643	Trappiste	124	f	2024-12-02 13:49:37.089448+01	\N
644	Bacchus	125	f	2024-12-02 13:49:37.089448+01	\N
645	Bouchon de liège	126	f	2024-12-02 13:49:37.089448+01	\N
646	Corsendonck	127	f	2024-12-02 13:49:37.089448+01	\N
647	Bleue	128	f	2024-12-02 13:49:37.089448+01	\N
648	Bush	129	f	2024-12-02 13:49:37.089448+01	\N
649	Caracole	130	f	2024-12-02 13:49:37.089448+01	\N
650	50 cl	131	f	2024-12-02 13:49:37.089448+01	\N
651	Rocherfort 8	132	f	2024-12-02 13:49:37.089448+01	\N
652	Philippe II	133	f	2024-12-02 13:49:37.089448+01	\N
653	Verviers	134	f	2024-12-02 13:49:37.089448+01	\N
654	Verte	135	f	2024-12-02 13:49:37.089448+01	\N
655	Duvel	136	f	2024-12-02 13:49:37.089448+01	\N
656	Chimay	137	f	2024-12-02 13:49:37.089448+01	\N
657	St. Bernardus	138	f	2024-12-02 13:49:37.089448+01	\N
658	Bloody Mary	139	f	2024-12-02 13:49:37.089448+01	\N
659	La Durboyse	140	f	2024-12-02 13:49:37.089448+01	\N
660	Pils	141	f	2024-12-02 13:49:37.089448+01	\N
661	Liefmans	142	f	2024-12-02 13:49:37.089448+01	\N
662	Rochefort	143	f	2024-12-02 13:49:37.089448+01	\N
663	Un ours	144	f	2024-12-02 13:49:37.089448+01	\N
664	Saison 1700	145	f	2024-12-02 13:49:37.089448+01	\N
665	Zulte	146	f	2024-12-02 13:49:37.089448+01	\N
666	Brune	147	f	2024-12-02 13:49:37.089448+01	\N
667	St Feuillien	148	f	2024-12-02 13:49:37.089448+01	\N
668	Moinette	149	f	2024-12-02 13:49:37.089448+01	\N
669	Palm	150	f	2024-12-02 13:49:37.089448+01	\N
670	Petit chèvre	151	f	2024-12-02 13:49:37.089448+01	\N
671	Saint-paulin	152	f	2024-12-02 13:49:37.089448+01	\N
672	Emmental	153	f	2024-12-02 13:49:37.089448+01	\N
673	Le roquefort	154	f	2024-12-02 13:49:37.089448+01	\N
674	Le demi-sel	155	f	2024-12-02 13:49:37.089448+01	\N
675	Gruyère	156	f	2024-12-02 13:49:37.089448+01	\N
676	Le beaufort	157	f	2024-12-02 13:49:37.089448+01	\N
677	Le gruyère	158	f	2024-12-02 13:49:37.089448+01	\N
678	Le coulommiers 	159	f	2024-12-02 13:49:37.089448+01	\N
679	Le savaron	160	f	2024-12-02 13:49:37.089448+01	\N
680	Le morbier	161	f	2024-12-02 13:49:37.089448+01	\N
681	Petit-suisse	162	f	2024-12-02 13:49:37.089448+01	\N
682	Le pavé du Nord	163	f	2024-12-02 13:49:37.089448+01	\N
683	Roquefort	164	f	2024-12-02 13:49:37.089448+01	\N
684	Le brie	165	f	2024-12-02 13:49:37.089448+01	\N
685	Roquefort	166	f	2024-12-02 13:49:37.089448+01	\N
686	Le wallaby	167	f	2024-12-02 13:49:37.089448+01	\N
687	Le saint-nectaire	168	f	2024-12-02 13:49:37.089448+01	\N
688	Le saint-siméon	169	f	2024-12-02 13:49:37.089448+01	\N
689	Le vieux moulin	170	f	2024-12-02 13:49:37.089448+01	\N
690	Livernon	171	f	2024-12-02 13:49:37.089448+01	\N
691	Mélusine	172	f	2024-12-02 13:49:37.089448+01	\N
692	Le chevrotin	173	f	2024-12-02 13:49:37.089448+01	\N
693	Le livernon	174	f	2024-12-02 13:49:37.089448+01	\N
694	Le trou du Cru	175	f	2024-12-02 13:49:37.089448+01	\N
695	Le livarot	176	f	2024-12-02 13:49:37.089448+01	\N
696	200	177	f	2024-12-02 13:49:37.089448+01	\N
697	Le savaron	178	f	2024-12-02 13:49:37.089448+01	\N
698	Le mouflon	179	f	2024-12-02 13:49:37.089448+01	\N
699	Le charolais	180	f	2024-12-02 13:49:37.089448+01	\N
775	Une bille	1	f	2024-12-02 13:49:37.089448+01	\N
776	Jennifer	2	f	2024-12-02 13:49:37.089448+01	\N
777	Un piranha	3	f	2024-12-02 13:49:37.089448+01	\N
778	Mortimer	4	f	2024-12-02 13:49:37.089448+01	\N
779	Simba	5	f	2024-12-02 13:49:37.089448+01	\N
780	Sylvestre	6	f	2024-12-02 13:49:37.089448+01	\N
781	Grosminet	7	f	2024-12-02 13:49:37.089448+01	\N
782	Droopy	8	f	2024-12-02 13:49:37.089448+01	\N
783	Elmer Fudd	9	f	2024-12-02 13:49:37.089448+01	\N
784	Une chèvre	10	f	2024-12-02 13:49:37.089448+01	\N
785	Un castor	11	f	2024-12-02 13:49:37.089448+01	\N
786	Brahms	12	f	2024-12-02 13:49:37.089448+01	\N
787	Jack Russel	13	f	2024-12-02 13:49:37.089448+01	\N
788	Un cerf	14	f	2024-12-02 13:49:37.089448+01	\N
789	Le malin	15	f	2024-12-02 13:49:37.089448+01	\N
790	Bravo Sammy	16	f	2024-12-02 13:49:37.089448+01	\N
791	Kaa	17	f	2024-12-02 13:49:37.089448+01	\N
792	André	18	f	2024-12-02 13:49:37.089448+01	\N
793	Une araignée	19	f	2024-12-02 13:49:37.089448+01	\N
794	Astérix	20	f	2024-12-02 13:49:37.089448+01	\N
795	Un tigre	21	f	2024-12-02 13:49:37.089448+01	\N
796	Un kangourou	22	f	2024-12-02 13:49:37.089448+01	\N
797	Aurore	23	f	2024-12-02 13:49:37.089448+01	\N
798	Caroline	24	f	2024-12-02 13:49:37.089448+01	\N
799	Scooby	25	f	2024-12-02 13:49:37.089448+01	\N
800	Dolly	26	f	2024-12-02 13:49:37.089448+01	\N
801	Choupette	27	f	2024-12-02 13:49:37.089448+01	\N
802	Denver	28	f	2024-12-02 13:49:37.089448+01	\N
803	Jonathan	29	f	2024-12-02 13:49:37.089448+01	\N
804	Mannheim	30	f	2024-12-02 13:49:37.089448+01	\N
805	Palmier	31	f	2024-12-02 13:49:37.089448+01	\N
806	Beurre gras	32	f	2024-12-02 13:49:37.089448+01	\N
807	On les tord	33	f	2024-12-02 13:49:37.089448+01	\N
808	Praliné	34	f	2024-12-02 13:49:37.089448+01	\N
809	Jacobs	35	f	2024-12-02 13:49:37.089448+01	\N
810	Le diabète	36	f	2024-12-02 13:49:37.089448+01	\N
811	Blanc	37	f	2024-12-02 13:49:37.089448+01	\N
812	Judith Godrèche	38	f	2024-12-02 13:49:37.089448+01	\N
813	Carabosse	39	f	2024-12-02 13:49:37.089448+01	\N
814	Praliné	40	f	2024-12-02 13:49:37.089448+01	\N
815	Les Otomis	41	f	2024-12-02 13:49:37.089448+01	\N
816	Un millier	42	f	2024-12-02 13:49:37.089448+01	\N
817	Le Cameroun	43	f	2024-12-02 13:49:37.089448+01	\N
818	Le sucre	44	f	2024-12-02 13:49:37.089448+01	\N
819	Le Mexique	45	f	2024-12-02 13:49:37.089448+01	\N
820	Huit	46	f	2024-12-02 13:49:37.089448+01	\N
821	Le Portugal	47	f	2024-12-02 13:49:37.089448+01	\N
822	De Madagascar	48	f	2024-12-02 13:49:37.089448+01	\N
823	Au lait	49	f	2024-12-02 13:49:37.089448+01	\N
824	20 000	50	f	2024-12-02 13:49:37.089448+01	\N
825	Un sacrifice	51	f	2024-12-02 13:49:37.089448+01	\N
826	Les Aztèques	52	f	2024-12-02 13:49:37.089448+01	\N
827	En France	53	f	2024-12-02 13:49:37.089448+01	\N
828	100	54	f	2024-12-02 13:49:37.089448+01	\N
829	Foucauld	55	f	2024-12-02 13:49:37.089448+01	\N
830	Label rouge	56	f	2024-12-02 13:49:37.089448+01	\N
831	La nasse	57	f	2024-12-02 13:49:37.089448+01	\N
832	La crevette	58	f	2024-12-02 13:49:37.089448+01	\N
833	Chocolat blanc	59	f	2024-12-02 13:49:37.089448+01	\N
834	Aventure	60	f	2024-12-02 13:49:37.089448+01	\N
835	Bill Gates	61	f	2024-12-02 13:49:37.089448+01	\N
836	Il est amusant	62	f	2024-12-02 13:49:37.089448+01	\N
837	Un gnou	63	f	2024-12-02 13:49:37.089448+01	\N
838	Delete	64	f	2024-12-02 13:49:37.089448+01	\N
839	Mandrika	65	f	2024-12-02 13:49:37.089448+01	\N
840	BlackBerry 10	66	f	2024-12-02 13:49:37.089448+01	\N
841	Une logithèque	67	f	2024-12-02 13:49:37.089448+01	\N
842	Mohican	68	f	2024-12-02 13:49:37.089448+01	\N
843	Puffy	69	f	2024-12-02 13:49:37.089448+01	\N
844	Ls	70	f	2024-12-02 13:49:37.089448+01	\N
845	1997	71	f	2024-12-02 13:49:37.089448+01	\N
846	Fedora	72	f	2024-12-02 13:49:37.089448+01	\N
847	Chrome	73	f	2024-12-02 13:49:37.089448+01	\N
848	Slackwave	74	f	2024-12-02 13:49:37.089448+01	\N
849	.rpm	75	f	2024-12-02 13:49:37.089448+01	\N
850	Mkaccount	76	f	2024-12-02 13:49:37.089448+01	\N
851	iOS	77	f	2024-12-02 13:49:37.089448+01	\N
852	Fedora	78	f	2024-12-02 13:49:37.089448+01	\N
853	Mandriva	79	f	2024-12-02 13:49:37.089448+01	\N
854	L Window	80	f	2024-12-02 13:49:37.089448+01	\N
855	Alan Cox	81	f	2024-12-02 13:49:37.089448+01	\N
856	Spotify	82	f	2024-12-02 13:49:37.089448+01	\N
857	Nikon	83	f	2024-12-02 13:49:37.089448+01	\N
858	Mandriva	84	f	2024-12-02 13:49:37.089448+01	\N
859	Ubuntu	85	f	2024-12-02 13:49:37.089448+01	\N
860	La Finlande	86	f	2024-12-02 13:49:37.089448+01	\N
861	Wes Wilson	87	f	2024-12-02 13:49:37.089448+01	\N
862	Splinter Cell	88	f	2024-12-02 13:49:37.089448+01	\N
863	GP32	89	f	2024-12-02 13:49:37.089448+01	\N
864	Longhorn	90	f	2024-12-02 13:49:37.089448+01	\N
865	Leia	91	f	2024-12-02 13:49:37.089448+01	\N
866	Yado	92	f	2024-12-02 13:49:37.089448+01	\N
867	Samourai	93	f	2024-12-02 13:49:37.089448+01	\N
868	Le côté obscur	94	f	2024-12-02 13:49:37.089448+01	\N
869	Obiwana	95	f	2024-12-02 13:49:37.089448+01	\N
870	De nexu	96	f	2024-12-02 13:49:37.089448+01	\N
871	L'immortalité	97	f	2024-12-02 13:49:37.089448+01	\N
872	Les Vicks	98	f	2024-12-02 13:49:37.089448+01	\N
873	Obi-Wan Kenobi	99	f	2024-12-02 13:49:37.089448+01	\N
874	Les Gungans	100	f	2024-12-02 13:49:37.089448+01	\N
875	Yoda	101	f	2024-12-02 13:49:37.089448+01	\N
876	Anakin Skywalker	102	f	2024-12-02 13:49:37.089448+01	\N
877	Dooku lui file sa toux	103	f	2024-12-02 13:49:37.089448+01	\N
878	Obiwan Kenobi	104	f	2024-12-02 13:49:37.089448+01	\N
879	Adi Gallia	105	f	2024-12-02 13:49:37.089448+01	\N
880	Dark Leouf	106	f	2024-12-02 13:49:37.089448+01	\N
881	Enterprise	107	f	2024-12-02 13:49:37.089448+01	\N
882	Dark Vador	108	f	2024-12-02 13:49:37.089448+01	\N
883	Mustafar	109	f	2024-12-02 13:49:37.089448+01	\N
884	Zam Wesell	110	f	2024-12-02 13:49:37.089448+01	\N
885	Chlori-Metica	111	f	2024-12-02 13:49:37.089448+01	\N
886	Plus de 1 000	112	f	2024-12-02 13:49:37.089448+01	\N
887	Dark Tyranus	113	f	2024-12-02 13:49:37.089448+01	\N
888	2 et 3	114	f	2024-12-02 13:49:37.089448+01	\N
889	Bataille de Naboo	115	f	2024-12-02 13:49:37.089448+01	\N
890	L'avoir aimé	116	f	2024-12-02 13:49:37.089448+01	\N
891	Watto	117	f	2024-12-02 13:49:37.089448+01	\N
892	Malastare	118	f	2024-12-02 13:49:37.089448+01	\N
893	Han Solo	119	f	2024-12-02 13:49:37.089448+01	\N
894	30 ans	120	f	2024-12-02 13:49:37.089448+01	\N
895	La Duvel	121	f	2024-12-02 13:49:37.089448+01	\N
896	Noire	122	f	2024-12-02 13:49:37.089448+01	\N
897	La Tongerlo	123	f	2024-12-02 13:49:37.089448+01	\N
898	Swiss Made	124	f	2024-12-02 13:49:37.089448+01	\N
899	Duvel	125	f	2024-12-02 13:49:37.089448+01	\N
900	Bouchon à visser	126	f	2024-12-02 13:49:37.089448+01	\N
901	Floreffe	127	f	2024-12-02 13:49:37.089448+01	\N
902	Rouge	128	f	2024-12-02 13:49:37.089448+01	\N
903	Kriek	129	f	2024-12-02 13:49:37.089448+01	\N
904	Affligem	130	f	2024-12-02 13:49:37.089448+01	\N
905	75 cl	131	f	2024-12-02 13:49:37.089448+01	\N
906	Rocherfort 6	132	f	2024-12-02 13:49:37.089448+01	\N
907	Charles VI	133	f	2024-12-02 13:49:37.089448+01	\N
908	Waremme	134	f	2024-12-02 13:49:37.089448+01	\N
909	Jaune	135	f	2024-12-02 13:49:37.089448+01	\N
910	Barbar	136	f	2024-12-02 13:49:37.089448+01	\N
911	Orval	137	f	2024-12-02 13:49:37.089448+01	\N
912	Vedett	138	f	2024-12-02 13:49:37.089448+01	\N
913	Born This Way	139	f	2024-12-02 13:49:37.089448+01	\N
914	La Maes	140	f	2024-12-02 13:49:37.089448+01	\N
915	Triple	141	f	2024-12-02 13:49:37.089448+01	\N
916	Van Steenberge	142	f	2024-12-02 13:49:37.089448+01	\N
917	Gordon	143	f	2024-12-02 13:49:37.089448+01	\N
918	Un éléphant	144	f	2024-12-02 13:49:37.089448+01	\N
919	Saison 1600	145	f	2024-12-02 13:49:37.089448+01	\N
920	Affligem	146	f	2024-12-02 13:49:37.089448+01	\N
921	Noire	147	f	2024-12-02 13:49:37.089448+01	\N
922	Grimbergen	148	f	2024-12-02 13:49:37.089448+01	\N
923	Rochefort	149	f	2024-12-02 13:49:37.089448+01	\N
924	Rochefort	150	f	2024-12-02 13:49:37.089448+01	\N
925	Palet du Poitou	151	f	2024-12-02 13:49:37.089448+01	\N
926	Époisses	152	f	2024-12-02 13:49:37.089448+01	\N
927	Roquefort	153	f	2024-12-02 13:49:37.089448+01	\N
928	Le cantal	154	f	2024-12-02 13:49:37.089448+01	\N
929	Le chèvre	155	f	2024-12-02 13:49:37.089448+01	\N
930	Brie	156	f	2024-12-02 13:49:37.089448+01	\N
931	La figuette	157	f	2024-12-02 13:49:37.089448+01	\N
932	Le roquefort	158	f	2024-12-02 13:49:37.089448+01	\N
933	Le saint-marcellin	159	f	2024-12-02 13:49:37.089448+01	\N
934	Le beaufort	160	f	2024-12-02 13:49:37.089448+01	\N
935	Le munster	161	f	2024-12-02 13:49:37.089448+01	\N
936	Roquefort	162	f	2024-12-02 13:49:37.089448+01	\N
937	La rigotte	163	f	2024-12-02 13:49:37.089448+01	\N
938	Gruyère	164	f	2024-12-02 13:49:37.089448+01	\N
939	Le beaufort	165	f	2024-12-02 13:49:37.089448+01	\N
940	Livernon	166	f	2024-12-02 13:49:37.089448+01	\N
941	Le lapin	167	f	2024-12-02 13:49:37.089448+01	\N
942	Le petit chèvre	168	f	2024-12-02 13:49:37.089448+01	\N
943	Le saint-paulin	169	f	2024-12-02 13:49:37.089448+01	\N
944	La rigotte	170	f	2024-12-02 13:49:37.089448+01	\N
945	Reblochon	171	f	2024-12-02 13:49:37.089448+01	\N
946	Gaperon	172	f	2024-12-02 13:49:37.089448+01	\N
947	Le civray	173	f	2024-12-02 13:49:37.089448+01	\N
948	Le montbriac	174	f	2024-12-02 13:49:37.089448+01	\N
949	Le vachard	175	f	2024-12-02 13:49:37.089448+01	\N
950	Le fédou	176	f	2024-12-02 13:49:37.089448+01	\N
951	100	177	f	2024-12-02 13:49:37.089448+01	\N
952	Le trou du Cru	178	f	2024-12-02 13:49:37.089448+01	\N
953	Le munster	179	f	2024-12-02 13:49:37.089448+01	\N
954	La figuette	180	f	2024-12-02 13:49:37.089448+01	\N
\.


--
-- Data for Name: level; Type: TABLE DATA; Schema: public; Owner: oquiz
--

COPY public.level (id, name, created_at, updated_at) FROM stdin;
1	Débutant	2024-12-02 13:49:37.089448+01	\N
2	Confirmé	2024-12-02 13:49:37.089448+01	\N
3	Expert	2024-12-02 13:49:37.089448+01	\N
\.


--
-- Data for Name: question; Type: TABLE DATA; Schema: public; Owner: oquiz
--

COPY public.question (id, description, wiki, anecdote, quiz_id, level_id, created_at, updated_at) FROM stdin;
1	Dans le film d'animation L'Âge de glace, qu'est-ce qui échappe à l'écureuil Scrat ?	Scrat	À l'occasion de la sortie de L'Âge de glace 4, Scrat a eu son double de cire au Musée Grévin le 20 juin 2012.	1	1	2024-12-02 13:49:37.089448+01	\N
2	Comment se nomme l'orque à sauver dans une saga cinématographique populaire ?	Sauvez_Willy_(série_de_films)	Si les deuxième et troisième films sont des suites du premier, le 4e n'a aucun lien avec le reste et est en quelque sorte un reboot.	7	1	2024-12-02 13:49:37.089448+01	\N
3	Dans le film Les Dents de la mer, quel animal provoque la terreur sur l'île d'Amity ?	Les_Dents_de_la_mer	Les Dents de la mer est un film charnière qui a rétrospectivement été considéré comme le premier des blockbusters américains.	8	1	2024-12-02 13:49:37.089448+01	\N
4	Quel personnage de Disney, ami de Mickey Mouse, est un chien anthropomorphe très maladroit ?	Dingo_(Disney)	À partir des années 1990, Dingo est devenu papa dans une série télévisée dans laquelle son fils se prénomme Max.	1	1	2024-12-02 13:49:37.089448+01	\N
5	Dans un film d'animation de Disney, comment se nomme le renardeau ami d'un chien de chasse ?	Rox_et_Rouky	Rox et Rouky est le dernier dessin animé de Disney commençant par un générique complet et finissant par « The End ».	7	1	2024-12-02 13:49:37.089448+01	\N
6	Quel est le nom du chien de Mickey, apparenté à la race des Saint-Hubert ?	Pluto_(Disney)	Dessiné par Norman Ferguson, Pluto est considéré comme l'un des premiers personnages Disney à sortir du modèle standard.	8	1	2024-12-02 13:49:37.089448+01	\N
7	Dans le célèbre dessin animé, qui le chat Tom poursuit-il sans cesse ?	Tom_et_Jerry	Malgré sa popularité très acclamée, les courts-métrages Tom et Jerry ont fait l'objet de nombreuses controverses.	1	1	2024-12-02 13:49:37.089448+01	\N
8	Quel chien peureux a pour compagnons Samy, Daphné, Véra et Fred ?	Scooby-Doo	Une gamme Lego est sortie en 2015 avec six produits inspirés de différents épisodes et fi de Scooby-Do.	7	1	2024-12-02 13:49:37.089448+01	\N
9	Parmi ces personnages des Looney Tunes, lequel est un canard ?	Daffy_Duck	Daffy Ducka « sévi » dans 126 dessins animés jusqu'en 1968 au cinéma avant d'en disparaître totalement.	8	1	2024-12-02 13:49:37.089448+01	\N
10	Dans les deux films Babe, quel animal campe le personnage principal ?	Babe	Babe eut l'idée tout à fait farfelue de devenir chien de berger, ou plutôt « cochon de berger ».	1	1	2024-12-02 13:49:37.089448+01	\N
11	Dans le film Le Roi Lion, quel animal est Timon, le grand ami de Pumbaa ?	Timon_(Disney)	Le suricate est toujours là quand on a besoin de lui, mais il est très souvent ailleurs quand on est avec lui.	7	2	2024-12-02 13:49:37.089448+01	\N
12	Quel nom de compositeur désigne aussi un saint-bernard héros de films ?	Beethoven_(série_de_films)	Le chien fut baptisé Beethoven parce qu'il a aboyé à la symphonie n°5 de Ludwig van Beethoven.	8	2	2024-12-02 13:49:37.089448+01	\N
13	Des spécimens de quelle race de chiens intéressent tout particulièrement Cruella d'Enfer ?	Cruella_d'Enfer	Le personnage de Cruella d'Enfer fut en partie inspiré par Tallulah Bankhead, dont certaines excentricités furent reprises dans le film.	1	2	2024-12-02 13:49:37.089448+01	\N
14	Dans un film d'animation de Disney, quel animal est moqué pour ses grandes oreilles ?	Dumbo	Un message d'espoir est délivré par l'histoire : « quand on fait de son mieux, on en retire quelque chose de bien à la fin ».	7	2	2024-12-02 13:49:37.089448+01	\N
15	Quel cheval de selle autrichien Napoléon Bonaparte a-t-il emporté avec lui sur l'île d'Elbe ?	L'Ingénu_(cheval)	Également surnommé Wagram en l'honneur de la bataille du même nom, Napoléon l'appréciait énormément.	8	2	2024-12-02 13:49:37.089448+01	\N
16	Quelle marque est représentée par un chat blanc généralement habillé de couleur rose ?	Hello_Kitty	Selon le profil officiel de Hello Kitty, cette dernière se nomme Kitty White et est née à Londres, en Angleterre.	1	2	2024-12-02 13:49:37.089448+01	\N
17	Dans les films d'animation en pâte à modeler, qui est le partenaire canin de Wallace ?	Wallace_et_Gromit	Tous les personnages sont en plasticine et les scènes sont animées image par image (stop motion).	7	2	2024-12-02 13:49:37.089448+01	\N
18	Comment s'appelle le chat noir et blanc, héros d'une pub pour de la nourriture pour chats ?	Purina	Felix ne prend pas d'accent, principalement en raison de l'internationalisation des marques.	8	2	2024-12-02 13:49:37.089448+01	\N
19	Dans le film d'animation de Pixar 1001 Pattes, quel insecte est Tilt, le personnage principal ?	1001_pattes	Woody le cow-boy héros du film d'animation Toy Story est apparu dans le bêtisier du générique de fin.	1	2	2024-12-02 13:49:37.089448+01	\N
20	Auprès de quel héros de BD le chien inefficace Rantanplan s'est-il illustré ?	Rantanplan	Rantanplan appartient à l'administration pénitentiaire, et a pour maître, le gardien Pavlov (en référence au fameux réflexe).	7	2	2024-12-02 13:49:37.089448+01	\N
21	Dans la film d'animation Robin des Bois, quel animal est Robin des Bois ?	Robin_des_Bois_(film,_1973)	La réalisation de Robin des Bois sera marquée par la réutilisation d'éléments d'animation des précédentes productions Disney.	8	3	2024-12-02 13:49:37.089448+01	\N
22	De quel animal prénommé Roger veut-on « la peau » dans un film d'animation ?	Roger_Rabbit	Zemeckis dira de Roger qu'il a « un corps de chez Disney, une tête de chez Warner et une attitude à la Tex Avery ».	1	3	2024-12-02 13:49:37.089448+01	\N
23	Dans le roman de Cécile Aubry, quelle chienne Sébastien recueille-t-il dans son village ?	Belle_et_Sébastien	Belle et Sébastien a fait l'objet d'une adaptation en feuilleton télévisé, d'une série d'animation japonaise et de deux films.	7	3	2024-12-02 13:49:37.089448+01	\N
24	Quelle tortue sait « compter deux par deux et lacer ses chaussures » ?	Franklin_(série_télévisée)	Dans chaque épisode, Franklin a un dilemme qu'il résout toujours à la fin, permettant aux enfants de s'identifier au personnage.	8	3	2024-12-02 13:49:37.089448+01	\N
25	Quel chien est devenu le rival du chat Socks en tant qu'animal de compagnie de la famille Clinton ?	Animaux_domestiques_des_présidents_des_États-Unis	Les parents Clinton ont adopté un labrador nommé Buddy en hommage à l'oncle de Bill qui vient de décéder.	1	3	2024-12-02 13:49:37.089448+01	\N
26	Dans Peter Pan, comment se nomme la chienne de Wendy, John et Michael ?	Peter_Pan	Peter Pan est un personnage créé par l'auteur écossais J. M. Barrie, apparu pour la première fois en 1902.	7	3	2024-12-02 13:49:37.089448+01	\N
27	Quel célèbre chat a une langue qui pend en permanence suite à une malformation ?	Lil_Bub	La célèbre chatte est apparue dans un spot de l'ONG Greenpeace à l'occasion de la Journée internationale des tigres.	8	3	2024-12-02 13:49:37.089448+01	\N
28	Dans le dessin animé Dora l'exploratrice, comment s'appelle le renard voleur ?	Dora_l'exploratrice	Par ce biais de ce méchant renard voleur, la série tente de faire distinguer aux enfants le bien du mal.	1	3	2024-12-02 13:49:37.089448+01	\N
29	Quel cochon Martin Veyron et Jean-Marc Rochette ont-ils inventé pour une BD humoristique ?	Edmond_le_cochon	Le style de cette série à l'humour cru et hilarant se situe entre l'underground américain et la tradition animalière française.	7	3	2024-12-02 13:49:37.089448+01	\N
30	Dans l'aquarium de quelle ville allemande Paul le poulpe a-t-il eu son heure de gloire ?	Paul_le_poulpe	Paul était renommé pour le spectacle de ses prédictions du résultat des matchs de léquipe d'Allemagne de football.	8	3	2024-12-02 13:49:37.089448+01	\N
31	À partir de la fève de quel arbre le chocolat est-il produit ?	Fève_de_cacao	Les fèves de cacao sont extraites des baies, que l'on ouvre à la récolte et que l'on met à sécher.	2	1	2024-12-02 13:49:37.089448+01	\N
32	Quel beurre est extrait de la pâte de cacao liquide servant à la création du chocolat ?	Beurre_de_cacao	Le beurre de cacao est une des graisses les plus stables connues, contenant des antioxydants naturels.	9	1	2024-12-02 13:49:37.089448+01	\N
33	Que fait-on quand on torréfie les fèves de cacao pour la préparation du chocolat ?	Fève_de_cacao	La torréfaction, c'est-à-dire un chauffage de 140 à 160 °C pendant 20 à 30 minutes, permet le développement des arômes du cacao.	10	1	2024-12-02 13:49:37.089448+01	\N
34	Quel chocolat, parfois mélangé avec des épices, contient le moins de sucre ?	Chocolat_noir	La qualité du chocolat noir dépend des ingrédients utilisés, et de son pourcentage en cacao.	2	1	2024-12-02 13:49:37.089448+01	\N
35	En 1825, quel Suisse a créé une désormais célèbre fabrique de chocolat ?	Philippe_Suchard	Philippe Suchard débuta dans la confiserie en 1825 à Neuchâtel et se lanca dans le chocolat à Serrières en 1826.	9	1	2024-12-02 13:49:37.089448+01	\N
36	Que provoque la consommation de chocolat chez la plupart des animaux de compagnie ?	Chocolat	Le chocolat contient de la théobromine, un produit semblable à la caféine que leur métabolisme ne permet pas d'éliminer.	10	1	2024-12-02 13:49:37.089448+01	\N
37	Quel chocolat, riche en acides gras saturés, est le plus amère ?	Chocolat_noir	Le chocolat noir, qui contient peu de cholesterol et très peu de sodium, est une bonne source de magnésium.	2	1	2024-12-02 13:49:37.089448+01	\N
38	Qui incarne la chocolatière dans le film adapté du roman Le chocolat de Joanne Harris ? 	Le_Chocolat	En 1959, durant le carême, une jeune femme et sa fille reprennent la vieille pâtisserie pour ouvrir une chocolaterie.	9	1	2024-12-02 13:49:37.089448+01	\N
39	Comment appelle-t-on le fruit du cacaoyer, se présentant sous la forme d'une baie ?	Cabosse	Les cabosses se trouvent sur le tronc et les grosses branches, et non pas sur les rameaux jeunes.	10	1	2024-12-02 13:49:37.089448+01	\N
40	Quel chocolat, généralement préféré par les puristes, ne contient pas de lait ?	Chocolat_noir	Réglementairement, le chocolat noir doit contenir au moins 35 % de cacao, sans limite supérieure pour la concentration de cacao.	2	1	2024-12-02 13:49:37.089448+01	\N
41	De quel peuple le chocolat serait-il originaire, l'associant à leur dieu de la fertilité ?	Chocolat	Les Aztèques associaient le chocolat avec Xochiquetzal (qui a donné son nom au choc), la déesse de la fertilité.	9	2	2024-12-02 13:49:37.089448+01	\N
42	Combien trouve-t-on environ de fèves de cacao dans une cabosse ?	Cabosse	La cabosse a une forme allongée et ressemble à un concombre assez rebondi.	10	2	2024-12-02 13:49:37.089448+01	\N
43	Quel est le premier pays producteur de cacao, loin devant le Ghana et l'Indonésie ?	Cacao	La production de cacao était en 2006 de 4.06 millions de tonnes, en hausse constante depuis 2003.	2	2	2024-12-02 13:49:37.089448+01	\N
44	Quel élément différencie le chocolat blanc des autres chocolats ?	Chocolat_blanc	Le chocolat blanc a d'abord été distribué en Amérique en 1948 avec l'introduction des barres de chocolat « blanc alpin » Nestlé.	9	2	2024-12-02 13:49:37.089448+01	\N
45	Dans quel pays a été fabriquée la première tablette de chocolat ?	Tablette_de_chocolat	Les premières plaques de chocolat ont été baptisées « Chocolat délicieux à manger ».	9	2	2024-12-02 13:49:37.089448+01	\N
46	Combien peut-on faire de récoltes par an sur un cacaoyer en bonne santé ?	Cacaoyer	La maturation des fruits du cacaoyer dure, selon les génotypes, de cinq à sept mois.	2	2	2024-12-02 13:49:37.089448+01	\N
47	Quel pays européen est le plus grand consommateur de chocolat ?	Suisse	Les variantes au lait et fondant ont été créées respectivement par Daniel Peter en 1875 et Rudolf Lindt en 1879.	9	2	2024-12-02 13:49:37.089448+01	\N
48	De quel pays le cacaoyer, domestiqué il y a environ 3 000 ans, est-il originaire ?	Cacaoyer	Le cacaoyer fut très probablement domestiqué au départ pour la confection d'une boisson fermentée, donc alcoolisée.	9	2	2024-12-02 13:49:37.089448+01	\N
49	Quel chocolat, devant contenir au minimum 20 % de beurre de cacao, est le plus sucré ?	Chocolat_blanc	Le chocolat blanc a été produit pour la première fois par Nestlé en Suisse dans les années 1930.	2	2	2024-12-02 13:49:37.089448+01	\N
50	Combien de cabosses un cacaoyer peut-il produire en moyenne ?	Cacaoyer	Chaque cabosse, ressemblant à un petit ballon de football américain, peut peser jusqu'à 400 g pour 15 à 20 cm de long.	9	2	2024-12-02 13:49:37.089448+01	\N
51	Pour les préliminaires de quel événement les Mayas se servent-ils du chocolat ?	Chocolat	Le cacao purifie aussi les enfants mayas lors de cérémonies ou accompagne le défunt pour son voyage vers l'au-delà.	10	3	2024-12-02 13:49:37.089448+01	\N
52	Quelle civilisation précolombienne a la première cultivé le cacao ?	Olmèques	La culture olmèque demeure inconnue jusqu'à la deuxième moitié du XIXe siècle.	2	3	2024-12-02 13:49:37.089448+01	\N
53	Dans quel pays d'Europe a-t-on commencé à consommer du chocolat ?	Chocolat	Ce n'est qu'à partir de la conquête des Aztèques par les Espagnols que le chocolat fut importé en Europe.	9	3	2024-12-02 13:49:37.089448+01	\N
54	Combien de fleurs un cacaoyer peut-il produire annuellement ?	Cacaoyer	Les fleurs apparaissent toute l'année sur des renflements du bois de l'arbre, appelés « coussinets floraux ».	10	3	2024-12-02 13:49:37.089448+01	\N
55	Quel explorateur a rapporté le cacao en Europe en 1528 ?	Hernán_Cortés	Hernán Cortés s'est emparé de l'Empire aztèque pour le compte de Charles Quint, roi de Castille et empereur romain germanique.	2	3	2024-12-02 13:49:37.089448+01	\N
56	Quel chocolat noir est issu de cacao d'une seule plantation ?	Chocolat_noir	En France, c'est l'Institut national de l'origine et de la qualité qui classifie la qualité des chocolats.	9	3	2024-12-02 13:49:37.089448+01	\N
57	Quelle substance est obtenue après broyage des fèves du cacaoyer ?	Fève_de_cacao	Les fèves de cacao contiennent environ 50 % de matière grasse appelée « beurre de cacao ».	10	3	2024-12-02 13:49:37.089448+01	\N
58	Une fois la masse de cacao pressée, quel produit est utilisé pour faire du cacao en poudre ?	Tourteau_(résidu)	Deux procédés de trituration sont possibles : la pression discontinue à froid et la pression continue à chaud.	2	3	2024-12-02 13:49:37.089448+01	\N
59	Laura Esquivel, écrivaine mexicaine contemporaine, a publié un livre intitulé...	Laura_Esquivel	Laura Esquivel est un auteur qui cherche constamment de nouveaux et originaux chemins dans ses uvres.	9	3	2024-12-02 13:49:37.089448+01	\N
60	Dans quel rayon BD peut-on trouver l'album Fraise et chocolat ?	Aurélia_Aurita_(bande_dessinée)	Aurélia Aurita est une auteure de bande dessinée française d'origine chinoise et khmère.	10	3	2024-12-02 13:49:37.089448+01	\N
61	Quel programmeur a créé et continue de diriger le développement du noyau de Linux ?	Linus_Torvalds	Linus a découvert l'informatique vers l'âge de 11 ans grâce à l'ordinateur de son grand-père, un Commodore VIC-20.	3	1	2024-12-02 13:49:37.089448+01	\N
62	Quel est le principal atout de Linux, développé et maintenu par Linus Torvalds ?	Linux	Linux est le nom couramment donné à tout système d'exploitation libre fonctionnant avec le noyau Linux.	11	1	2024-12-02 13:49:37.089448+01	\N
63	Quel animal représentant Linux est aussi la mascotte de l'université d'Helsinki ?	Tux	Dessiné en 1996, son usage est libre et se retrouve dans de très nombreux projets et logotypes liés à Linux.	12	1	2024-12-02 13:49:37.089448+01	\N
64	Quelle commande Linux, basée sur la commande UNIX, utilise-t-on pour effacer un fichier ?	Linux	De par la filiation avec UNIX, la ligne de commande est toujours disponible dans GNU/Linux, quelle que soit la distribution.	3	1	2024-12-02 13:49:37.089448+01	\N
65	Laquelle de ces propositions désigne une distribution Linux fondée en 1993 ?	Red_Hat	Red Hat est l'une des entreprises dédiées aux logiciels Open Source les plus importantes et les plus reconnues.	12	1	2024-12-02 13:49:37.089448+01	\N
66	Quel système d'exploitation mobile majeur de l'industrie actuelle s'appuie sur un noyau Linux ?	Android	En 2015, Android est le système d'exploitation le plus utilisé dans le monde avec plus de 80 % de parts de marché.	12	1	2024-12-02 13:49:37.089448+01	\N
67	Sous Linux, comment appelle-t-on les logiciels assemblés autour du noyau ?	Distribution_GNU/Linux	Il existe une très grande variété de distributions, ayant chacune des objectifs et une philosophie particulière.	3	1	2024-12-02 13:49:37.089448+01	\N
68	Quel serveur web présent sous Linux est aussi présent sur les serveurs du monde entier ?	Apache_HTTP_Server	Depuis avril 1996, selon l'étude permanente de Netcraft, Apache est devenu le serveur HTTP le plus répandu sur Internet.	11	1	2024-12-02 13:49:37.089448+01	\N
69	Quel est le nom de la mascotte de Linux, connue de tous les passionnés du système d'exploitation ?	Tux	Le dessin du personnage a été choisi à l'issue d'un concours organisé en 1996 remporté par Larry Ewing.	12	1	2024-12-02 13:49:37.089448+01	\N
70	Parmi ces commandes Linux, laquelle affiche à l'écran le contenu d'un fichier texte ?	Linux	La différence essentielle de Linux par rapport à d'autres systèmes d'exploitation concurrents est d'être un système d'exploitation libre.	3	1	2024-12-02 13:49:37.089448+01	\N
71	En quelle année Linus Torvalds a-t-il livré la première version du noyau Linux ?	Linux	En 1991, les compatibles PC dominent le marché des ordinateurs personnels et fonctionnent généralement sous MS-DOS ou Windows.	11	2	2024-12-02 13:49:37.089448+01	\N
72	Quel ancien mot bantou désigne une célèbre distribution Linux ?	Ubuntu	Le nom de la distribution provient d'un ancien mot bantou qui signifie « Je suis ce que je suis grâce à ce que nous sommes tous ».	12	2	2024-12-02 13:49:37.089448+01	\N
73	Quel navigateur web et gestionnaire de fichiers est utilisé par défaut pour KDE ?	Konqueror	Konqueror peut également afficher le contenu d'un serveur FTP, permettre de parcourir le réseau local et de visualiser des fichiers.	11	2	2024-12-02 13:49:37.089448+01	\N
74	Quel nom porte la distribution française de Linux, une des plus simples à installer et à utiliser ?	Mandriva_Linux	Ciblant à la fois le grand public et les professionnels, cette distribution GNU/Linux est construite autour de KDE.	3	2	2024-12-02 13:49:37.089448+01	\N
75	Quel type de fichiers est pris en compte par le gestionnaires de paquets intégré à Ubuntu ?	Ubuntu	Par défaut, Ubuntu est installé avec une pluralité de logiciels libres tels que LibreOffice, Firefox, Thunderbird et Transmission.	3	2	2024-12-02 13:49:37.089448+01	\N
76	Sous Linux, quelle commande est utilisée pour créer un compte utilisateur ?	Linux	Grâce à sa ligne de commande, scientifiques, ingénieurs et développeurs comptent parmi ses plus fréquents utilisateurs.	11	2	2024-12-02 13:49:37.089448+01	\N
77	De quel projet sont tirés les outils gravitant autour de Linux ?	GNU	GNU est un projet de système d'exploitation libre lancé en 1983 par Richard Stallman, puis maintenu par le projet GNU.	11	2	2024-12-02 13:49:37.089448+01	\N
78	De quelle distribution Linux est dérivé le système d'exploitation Ubuntu ?	Ubuntu	Ancien développeur Debian, Mark Shuttleworth souhaitait une version plus facile d'accès pour les novices.	12	2	2024-12-02 13:49:37.089448+01	\N
79	Quelle est la plus ancienne distribution Linux encore maintenue à ce jour ?	Slackware	Slackware est une distribution Linux qui, à la différence d'autres distributions, a longtemps été maintenue par une seule personne.	12	2	2024-12-02 13:49:37.089448+01	\N
80	Quel environnement graphique de type « fenêtré » est utilisé sous Linux ?	X_Window_System	Cet environnement graphique gère l'interaction homme-machine par l'écran, la souris et le clavier de certains ordinateurs en réseau.	11	2	2024-12-02 13:49:37.089448+01	\N
81	Quel programmeur et militant du logiciel libre a créé le Projet GNU en 1984 ?	Richard_Stallman	Richard Stallman consacre la majeure partie de son temps à la promotion du logiciel libre auprès de divers publics.	12	3	2024-12-02 13:49:37.089448+01	\N
82	Quel lecteur multimédia ressemblant à Winamp est souvent utilisé sous Linux ?	XMMS	XMMS fut originellement codé sous le nom de X11Amp par Peter et Mikal Alm en novembre 1997, pour combler un manque sou Linux.	3	3	2024-12-02 13:49:37.089448+01	\N
83	Quelle société financée par l'entrepreneur sud-africain Mark Shuttleworth commandite Ubuntu ?	Canonical	Cette société, basée sur l'Île de Man, a été créée en 2004 et opère dans 30 pays différents et emploie 500 personnes.	3	3	2024-12-02 13:49:37.089448+01	\N
84	Avec quel acteur du monde Linux Microsoft a-t-il signé un accord d'importance ?	SUSE	Apparue au début de l'année 1994, SUSE est donc la plus ancienne distribution commerciale encore existante.	3	3	2024-12-02 13:49:37.089448+01	\N
85	La station spatiale internationale a abandonné Windows au profit de quelle distribution Linux ?	Debian	Debian est utilisée comme base de nombreuses autres distributions telles que Knoppix et Ubuntu qui rencontrent un grand succès.	3	3	2024-12-02 13:49:37.089448+01	\N
86	Quel pays utilise à ce jour le plus Linux comme système d'exploitation de bureau ?	Linux	Les deux environnements GNOME et KDE, qui reposent sur des technologies communes, ont atteint une maturité certaine.	11	3	2024-12-02 13:49:37.089448+01	\N
87	Quel graphiste a dessiné en 1996 le manchot Tux initial, mascotte du projet Linux ?	Larry_Ewing	Ce programmeur américain a réalisé la mascotte Tux avec l'aide du logiciel libre The GIMP.	11	3	2024-12-02 13:49:37.089448+01	\N
88	Lequel de ces jeux tourne nativement sous GNU/Linux ?	Quake_III_Arena	Le jeu développé par id Software a également été publié sur Macintosh, sur Dreamcast, sur PlayStation 2 et sur Xbox Live Arcade.	11	3	2024-12-02 13:49:37.089448+01	\N
89	Quelle console de jeu open source possède un système d'exploitation Linux compilé ?	Pandora_(console_portable)	La Pandora est capable à ce jour de lancer Quake, Quake II et Quake III Arena sans ralentissement.	12	3	2024-12-02 13:49:37.089448+01	\N
90	Comment fut initialement appelé le projet Linux, qui deviendra par la suite une marque déposée ?	Linux	Le projet trouve son nom définitif grâce à Ari Lemmke qui héberge le travail de Linus Torvalds dans un répertoire nommé Linux.	12	3	2024-12-02 13:49:37.089448+01	\N
91	Qui est le padawan du chevalier et maître Jedi Obi-Wan Kenobi ?	Obi-Wan_Kenobi	Obi-Wan Kenobi est tout d'abord le padawan de Qui-Gon Jinn avant de devenir lui-même l'instructeur d'Anakin Skywalker.	4	1	2024-12-02 13:49:37.089448+01	\N
92	Quel petit bonhomme vert a enseigné à Luke comment utiliser la Force ?	Yoda	Yoda est présent dans cinq épisodes sur les sept que compte la saga (I, II, III, V, VI).	4	1	2024-12-02 13:49:37.089448+01	\N
93	Dans la saga Star Wars, quels chevaliers se battent avec des sabres lasers ?	Jedi	L'Ordre Jedi est dirigé par le Conseil Jedi, qui se réunit sur la planète Coruscant.	4	1	2024-12-02 13:49:37.089448+01	\N
94	De quelle station spatiale ennemie la princesse Leia apprend-elle les plans de construction ?	Étoile_de_la_mort	L'Étoile noire et l'Étoile de la mort sont deux stations spatiales sidérales mobiles de la taille d'une lune.	13	1	2024-12-02 13:49:37.089448+01	\N
95	Personnage central de la saga Star Wars, avec qui Anakin Skywalker se marie-t-il ?	Padmé_Amidala	Padmé Amidala Skywalker est née en 46 av. BY sur Naboo et morte en 19 av. BY sur Polis Massa.	13	1	2024-12-02 13:49:37.089448+01	\N
96	Pour aider les Jedi a réparer leur vaisseau, Anakin doit gagner une course...	Star_Wars,_épisode_I_:_La_Menace_fantôme	Après une course acharnée et très disputée, Anakin parviendra finalement à remporter la victoire.	13	1	2024-12-02 13:49:37.089448+01	\N
97	Que contrôlent les Jedi qui les rendent très différents des simples humains ?	Jedi	Les chevaliers Jedi forment un ordre d'individus qui sont aptes à maîtriser la Force, et qui l'utilisent uniquement pour faire le bien.	14	1	2024-12-02 13:49:37.089448+01	\N
98	Quels puissants ennemis et « seigneurs » les Jedi pensent-ils avoir vaincu ?	Sith	Les siths sont les ennemis jurés des Jedi dont ils constituent une menace pour la République Galactique.	14	1	2024-12-02 13:49:37.089448+01	\N
99	De qui la princesse Leia tombe-t-elle amoureuse dans la saga Star Wars ?	Han_Solo	Han Solo est un contrebandier, pilote et ancien élève officier impérial qui dut déserter pour sauver Chewbacca.	14	1	2024-12-02 13:49:37.089448+01	\N
100	Quelle armée aidera les Jedi pour ensuite se retourner contre eux et les forces du mal ?	Star_Wars,_épisode_II_:_L'Attaque_des_clones	L'Attaque des clones est l'un des premiers films à être tourné entièrement en numérique.	4	1	2024-12-02 13:49:37.089448+01	\N
101	Quel chancelier suprême est seigneur noir des Sith et homme politique dans la série Star Wars ?	Palpatine	Originaire de Naboo, Palpatine a été formé au côté obscur de la Force dès le plus jeune âge par son maître, Dark Plagueis.	4	2	2024-12-02 13:49:37.089448+01	\N
102	De qui Chewbacca, le plus célèbre des guerriers Wookie, est-il le co-pilote ?	Chewbacca	Chewbacca fait partie du noyau de rebelles qui ont restauré la liberté dans la galaxie.	4	2	2024-12-02 13:49:37.089448+01	\N
103	Que se passe-t-il lorsqu'Anakin Skywalker affronte le compte Dooku la première fois ?	Comte_Dooku	Dooku fut l'héritier d'une famille d'aristocrates et diplomates de Serenno à la fortune colossale.	4	2	2024-12-02 13:49:37.089448+01	\N
104	Parmi ces personnages de Star Wars, qui dirige le conseil des Jedi avec Yoda ?	Mace_Windu	En plus de sa réputation de sage, Windu est considéré comme l'un des meilleurs combattants au sabre laser de l'Ordre Jedi.	13	2	2024-12-02 13:49:37.089448+01	\N
105	Quel maître Jedi d'Obi-Wan Kenobi sera finalement tué par Dark Maul ?	Qui-Gon_Jinn	Le personnage est interprété par Liam Neeson et doublé par Samuel Labarthe en France.	13	2	2024-12-02 13:49:37.089448+01	\N
106	Quel apprenti Sith Obi-Wan va-t-il tuer en vengeant la mort de son maître ?	Dark_Maul	Le personnage de Dark Maul fut créé par l'illustrateur Iain Mccaig pour Industrial Light & Magic.	13	2	2024-12-02 13:49:37.089448+01	\N
107	Quel nom porte le vaisseau spatial du contrebandier Han Solo ?	Faucon_Millenium	Le Faucon Millénium fut appelé Millenium Condor dans la version française du premier épisode produit.	13	2	2024-12-02 13:49:37.089448+01	\N
108	Qui tue Boba Fett, redoutable chasseur de primes connu pour son adresse à traquer sa proie ?	Boba_Fett	On apprendra plus tard qu'il échappe à la digestion du Gerand Sarlacc et qu'il reviendra dans l'histoire.	14	2	2024-12-02 13:49:37.089448+01	\N
109	Sur quelle planète vit Anakin avant de partir rejoindre les Jedi ?	Tatooine	Située dans la Bordure extérieure, cette planète désertique est le refuge des plus vils brigands de la galaxie.	14	2	2024-12-02 13:49:37.089448+01	\N
110	Quel célèbre chasseur de primes a été engagé par Dark Vador pour traquer Han Solo ?	Boba_Fett	L'origine de Boba Fett est donnée dans L'Attaque des clones : il est le « fils » du légendaire chasseur de primes Jango Fett.	14	2	2024-12-02 13:49:37.089448+01	\N
111	Une fois mesurée, quelle molécule permet de savoir si un individu peut être un Chevalier Jedi ?	Force_(Star_Wars)	Dans la saga Star Wars, Anakin Skywalker se fait remarquer par son fort taux de midi-chloriens.	4	3	2024-12-02 13:49:37.089448+01	\N
112	Quel taux de cette molécule Anakin possède-t-il lorsque Qui-Gon l'analyse pour la première fois ?	Force_(Star_Wars)	Ce taux de midi-­chloriens est de plus supérieur à celui de Yoda, pourtant reconnu comme Grand Maître des Jedi.	4	3	2024-12-02 13:49:37.089448+01	\N
113	Quel mystique de la connaissance est le maître de Dark Sidious ?	Dark_Plagueis	Seigneur Noir des Sith, il possédait un pouvoir inimaginable qui lui permettait de garder les gens en vie avec la Force.	4	3	2024-12-02 13:49:37.089448+01	\N
114	Lesquels de ces épisodes de Star Wars n'ont pas été réalisés par George Lucas ?	Star_Wars	Même s'il ne les a pas réalisés, George Luas a donné de très nombreuses directives à Irvin Kerschner et Richard Marquand.	13	3	2024-12-02 13:49:37.089448+01	\N
115	À partir de quelle bataille peut-on mesurer la chronologie dans Star Wars ?	Bataille_de_Yavin	La bataille de Yavin oppose l'Empire galactique aux Rebelles autour de la planète gazeuse Yavin.	13	3	2024-12-02 13:49:37.089448+01	\N
116	Que signifie la dernière phrase de Dark Vador avant de mourir : « Tu l'as déjà fait Luke » ?	Anakin_Skywalker	Le fait que Dark Vador soit le père des jumeaux Luke Skywalker et Leia Organa constitue l'intrigue principale de la saga.	13	3	2024-12-02 13:49:37.089448+01	\N
117	Contre qui Han Solo remporte-t-il le Faucon Millénium lors d'une partie de sabacc ?	Lando_Calrissian	Lando Calrissian est devenu par la suite administrateur de la cité des Nuages, une colonie minière.	14	3	2024-12-02 13:49:37.089448+01	\N
118	Sur quelle planète Luke est-il parti pour apprendre à devenir un véritable Jedi ?	Dagobah	Dagobah, dans le secteur Sluis, est un monde de sombres marais, de bayous putrides et de forêts d'arbres tortueux.	14	3	2024-12-02 13:49:37.089448+01	\N
119	Dans Star Wars, de George Lucas, qui tue le chancelier Palpatine alias Dark Sidious ?	Palpatine	Le règne de Palpatine s'achève dans l'épisode VI, à la fin duquel il est tué par Anakin Skywalker en l'an 4 ap. BY.	14	3	2024-12-02 13:49:37.089448+01	\N
120	Combien d'années séparent le premier épisode sorti en salle de l'épisode 3 ?	Star_Wars	À l'origine nommée La Guerre des étoiles, Star Wars est un univers de science-fiction créé par George Lucas en 1977.	14	3	2024-12-02 13:49:37.089448+01	\N
121	Quelle bière est fabriquée en ajoutant des cerises acides au lambic ?	Kriek	Jadis, certaines brasseries produisaient des krieks réalisées à partir d'un mélange de lagers (ou pils) et de cerises.	5	1	2024-12-02 13:49:37.089448+01	\N
122	Laquelle de ces propositions ne désigne pas une couleur de bière belge ?	Catégorie:Bière_belge	La bière est une boisson obtenue par fermentation de céréales, généralement de grains d'orge.	15	1	2024-12-02 13:49:37.089448+01	\N
123	Quelle bière belge, produit phare de la brasserie Dubuisson, titre 12% ?	Bush_(bière)	Également appelée Bush 12, on peut lire sur son étiquette qu'elle est la plus forte de Belgique.	5	1	2024-12-02 13:49:37.089448+01	\N
124	Quel label figure sur une bouteille de Leffe, développée aujourd'hui en de nombreuses variétés ?	Leffe_(bière)	Du nom d'un quartier de Dinant dans la vallée de la Meuse, la bière de Leffe fait partie de la variété des bières d'abbaye.	15	1	2024-12-02 13:49:37.089448+01	\N
125	Quelle bière belge se boit dans un verre soutenu par un socle en bois ?	Kwak_(bière)	La légende veut que le nom de la bière provienne du bruit que l'on entend quand on boit son verre cul-sec.	5	1	2024-12-02 13:49:37.089448+01	\N
126	Quel système de fermeture est utilisé sur les bouteilles de Quintine ?	Brasserie_Ellezelloise	La Brasserie Ellezelloise produit plusieurs bières artisanales parmi lesquelles la Quintine.	15	1	2024-12-02 13:49:37.089448+01	\N
127	Quelle bière belge est la référence par excellence au pays des blanches ?	Hoegaarden_(bière)	Selon une certaine croyance populaire, la bière Hoegaarden est souvent citée comme étant la première bière blanche.	5	1	2024-12-02 13:49:37.089448+01	\N
128	Quel intrus se cache parmi ces bières de Chimay, ni filtrées et ni pasteurisées ?	Chimay_(bière)	La Chimay est une bière trappiste belge, produite à l'abbaye Notre-Dame de Scourmont.	16	1	2024-12-02 13:49:37.089448+01	\N
129	Laquelle de ces bières belges se présente avec une bouteille de forme ovale ?	Orval_(bière)	L'Orval se caractérise par une amertume assez forte et gagne à mûrir en cave pendant quelques mois.	16	1	2024-12-02 13:49:37.089448+01	\N
130	Laquelle de ces bières belges est aromatisée au miel ?	Barbar	La Barbar est considérée par de nombreux amateurs de bières comme « le repos du guerrier ».	16	1	2024-12-02 13:49:37.089448+01	\N
131	La Gauloise est une bière belge dont la bouteille propose quelle contenance ?	Brasserie_du_Bocq	La brasserie du Bocq est une brasserie belge située à Purnode, dans la commune d'Yvoir en Belgique.	5	2	2024-12-02 13:49:37.089448+01	\N
132	Quel intrus se cache parmi ces bières de Rochefort, brassées en abbaye depuis 1595 ?	Rochefort_(bière)	À Rochefort, la quantité de bière fabriquée est volontairement limitée à 300 hectolitres par semaine.	15	2	2024-12-02 13:49:37.089448+01	\N
133	Quel roi de Sardaigne possède en Belgique une bière blonde dorée ?	Haacht_(brasserie)	La brasserie Haacht qui produit la Charles Quint est une brasserie belge située dans la province du Brabant flamand.	15	2	2024-12-02 13:49:37.089448+01	\N
134	Laquelle de ces villes de Belgique possède une cuvée blonde ?	Ciney_(bière)	Il existe trois sortes de bières de Ciney : Ciney Blonde, Ciney Brune et Ciney Spéciale.	5	2	2024-12-02 13:49:37.089448+01	\N
135	La Delirium tremens présente sur sa bouteille une étiquette de quelle couleur ?	Delirium_Tremens_(bière)	En 1992, la « Confrérie de lÉléphant Rose » a été créée pour promouvoir la Delirium Tremens et autres bières de Melle.	16	2	2024-12-02 13:49:37.089448+01	\N
136	Laquelle de ces bières belges existe en version classique et en version biologique ?	Brasserie_Dupont	La Moinette est une bière à la mousse abondante, à l'arôme malté et houblonné ainsi qu'au goût légèrement amer.	16	2	2024-12-02 13:49:37.089448+01	\N
137	Quelle célèbre bière belge, produite dans la province du Hainaut, contient de la vitamine C ?	St_Feuillien	La gamme St-Feuillien se décline en quatre versions reprises parmi les bières belges d'abbaye reconnues.	15	2	2024-12-02 13:49:37.089448+01	\N
138	Quelle bière annoncée comme blanche a pourtant une couleur presque ambrée ?	Grimbergen_(bière)	Grimbergen est une marque de bière d'origine belge appartenant aujourd'hui aux groupes Carlsberg et Heineken.	16	2	2024-12-02 13:49:37.089448+01	\N
139	Quelle bière belge désigne aussi une chanson interprétée par Lady Gaga ?	Alken-Maes	Alken-Maes est une entreprise brassicole belge créée en 1988 lors de la fusion des brasseries Maes et Alken.	15	2	2024-12-02 13:49:37.089448+01	\N
140	Quelle bière belge est reconnaissable grâce à son lutin au bonnet rouge ?	Chouffe	Son arôme particulier mélange à la fois fleur d'oranger et pomme acide.	5	2	2024-12-02 13:49:37.089448+01	\N
141	Quelle bière de fermentation spontanée est produite au sud de Bruxelles ?	Lambic	C'est une bière plus ou moins acide ide selon son âge, sans pétillant ni mousse, et titrant environ cinq degrés d'alcool d'alcool. 	15	3	2024-12-02 13:49:37.089448+01	\N
142	Quelle brasserie belge produit la Brigand, bière ambrée à fermentation haute ?	Brouwerij_Van_Honsebrouck	On y brasse principalement les marques de bières Kasteel, St-Louis, Brigand et Bacchus.	15	3	2024-12-02 13:49:37.089448+01	\N
143	Quelle bière belge présente un escargot étrange sur son étiquette ?	Brasserie_Caracole	La production annuelle de la brasserie Caracole est de 1600 hl, au rythme d'environ un brassin par semaine.	15	3	2024-12-02 13:49:37.089448+01	\N
144	Quel animal blanc est utilisé comme logo de la bière Palm ?	Palm_Breweries	L'histoire de Palm commence en 1597 par la signature d'un acte de vente d'une ferme, ce qui explique le choix du logo.	5	3	2024-12-02 13:49:37.089448+01	\N
145	Laquelle de ces propositions désigne une bière belge ambrée ?	Brasserie_Lefebvre	La Saison 1900, produite par la brasserie Lefebvre, est une bière de tradition wallonne.	5	3	2024-12-02 13:49:37.089448+01	\N
146	Laquelle de ces bières belges possède un label biologique ?	Brasserie_Dupont	La Brasserie Dupont est une entreprise belge établie à Tourpes dans la commune de Leuze-en-Hainaut, au centre du Hainaut occidental.	16	3	2024-12-02 13:49:37.089448+01	\N
147	La Troublette, brassée près de la ville de Dinant, est une bière...	Brasserie_Caracole	La Troublette est une bière blanche de la brasserie Caracole, légère et rafraîchissante, qui existe aussi en bio.	16	3	2024-12-02 13:49:37.089448+01	\N
148	Quelle bière belge est réputée comme étant une « bière vivante » ?	Bon_Secours_(bière)	La gamme de bières Bon Secours est une gamme de bières artisanales belge de type bière d'abbaye à fermentation haute.	16	3	2024-12-02 13:49:37.089448+01	\N
149	Laquelle de ces bières belges sort tout droit de la brasserie Roman ?	Brasserie_Roman	La brasserie Roman paie une redevance au musée de la ville d'Ename pour l'utilisation de l'appellation de Abbaye d'Ename.	5	3	2024-12-02 13:49:37.089448+01	\N
150	Quelle bière belge affiche un géant sur ses étiquettes ?	Brasserie_des_Géants	La brasserie se visite en 50 minutes et se termine par la dégustation d'une bière au choix parmi les bières brassées sur place.	16	3	2024-12-02 13:49:37.089448+01	\N
151	Quel fromage français a été représenté par une jeune fille blonde avec des nattes ?	Belle_des_champs	Ce fromage à pâte molle et à croûte fleurie, de forme cylindrique, pèse environ deux kilogrammes.	6	1	2024-12-02 13:49:37.089448+01	\N
152	Quel fromage industriel est généralement enrobé de paraffine teinte en rouge ?	Babybel	La version classique de ce fromage est composée de lait de vache), de sel, de ferments lactiques et de coagulant.	6	1	2024-12-02 13:49:37.089448+01	\N
153	Quel fromage est enveloppé dans un papier en aluminium gaufré ?	Boursin_(marque)	On ajoute aux laits de vache mélangés et pasteurisés de la crème et un mélange d'ail et de fines herbes.	6	1	2024-12-02 13:49:37.089448+01	\N
154	Quel fromage est réputé dans la commune de Meaux en France ?	Brie_de_Meaux	Son nom vient de la région de la Brie et de la commune de Meaux en France.	17	1	2024-12-02 13:49:37.089448+01	\N
155	Quel fromage français est principalement produit en Franche-Comté ?	Comté_(fromage)	Avec une production de 60 000 tonnes par an, il faut environ 450 litres de lait pour produire une meule de comté.	17	1	2024-12-02 13:49:37.089448+01	\N
156	Quel est le premier fromage le plus consommé en France ?	Emmental	Ce fromage suisse à pâte dure doit son nom à la vallée de l'Emme, une région à l'est du canton de Berne.	17	1	2024-12-02 13:49:37.089448+01	\N
157	La pâte de quel fromage français doit avoir des trous de par son appellation ?	Gruyère_français	Le gruyère fait partie de la même famille que le comté, qui s'appelait à l'origine « gruyère de comté ».	18	1	2024-12-02 13:49:37.089448+01	\N
158	Quel fromage a connu son heure de gloire suite à un film de Dany Boon ?	Maroilles_(fromage)	Le film expose ainsi la pratique habituelle qu'auraient les habitants de tremper du maroilles dans leur café.	18	1	2024-12-02 13:49:37.089448+01	\N
159	Quel fromage est présenté sous forme de cylindre de 5 cm de haut ?	Petit-suisse	Le petit-suisse sert également à farcir les viandes (volaille) ou à les recouvrir (lapin).	6	1	2024-12-02 13:49:37.089448+01	\N
160	Quel fromage français est fabriqué dans quelques fermes aux alentours de Bergue ?	Bergues_(fromage)	La plus ancienne trace de ce fromage se trouve dans les archives communales de Bergues Saint Winoc dès 1554.	18	1	2024-12-02 13:49:37.089448+01	\N
161	Quel fromage français a été surnommé le « Prince des gruyères » par Brillat-Savarin ?	Beaufort_(fromage)	Le beaufort, bénéficiant d'une appellation d'origine protégée, est moulé en forme de meule à talon légèrement concave.	6	2	2024-12-02 13:49:37.089448+01	\N
162	Lequel de ces fromages français est commercialisé dans une boîte en bois ?	Époisses_(fromage)	L'époisses est également vendu à la coupe par les fromagers et les maraîchers.	17	2	2024-12-02 13:49:37.089448+01	\N
163	Quel fromage français est aussi appelé « boule de Lille » de par sa forme ?	Mimolette_vieille	Sa période de dégustation jugée optimale s'étale d'avril à septembre après un affinage de 12 à 18 mois.	17	2	2024-12-02 13:49:37.089448+01	\N
164	Quel fromage doit son nom à un terme savoyard qui signifie « traire une deuxième fois » ?	Reblochon	La tradition veut que les fermiers du massif fissent une première traite pour le propriétaire.	6	2	2024-12-02 13:49:37.089448+01	\N
165	Quel fromage à pâte persillée est élaboré avec des laits crus de brebis ?	Roquefort_(fromage)	De réputation internationale, le roquefort est associé à l'excellence de l'agriculture française et à sa gastronomie.	18	2	2024-12-02 13:49:37.089448+01	\N
166	Quel fromage à la pâte onctueuse doit sa renommée à son goût de noisette ?	Saint-nectaire_(fromage)	Fromage paysan, fabriqué bien souvent par les femmes, le saint-nectaire fut appelé jusqu'au XVIIe siècle « fromage de seigle ».	18	2	2024-12-02 13:49:37.089448+01	\N
167	Quel fromage affilié au maroilles a un nom de mammifère ?	Dauphin_(fromage)	Aujourd'hui, les agriculteurs emploient majoritairement des formes carrées, rectangulaires ou en losange pour des raisons de coûts.	17	2	2024-12-02 13:49:37.089448+01	\N
168	Quel fromage possède un cur sucré et fruité dû à sa garniture de figues ?	Figou	Ce fromage fondant, au goût très frais et acidulé, ne possède toutefois pas de label.	18	2	2024-12-02 13:49:37.089448+01	\N
169	Quel fromage français du Dauphiné est un proche cousin du saint-félicien ?	Saint-marcellin_(fromage)	Ce petit fromage à base de lait de vache est réalisé avec le lait provenant de 274 communes.	6	2	2024-12-02 13:49:37.089448+01	\N
170	Quel est sans doute le plus ancien des fromages de Savoie ?	Tomme_de_Savoie	La tomme de Savoie fur à l'origine élaborée par les familles paysannes pour leur subsistance.	17	2	2024-12-02 13:49:37.089448+01	\N
171	Quel fromage français est moulé en forme de meule à talon légèrement concave ?	Beaufort_(fromage)	Autrefois, le beaufort représentait une production importante, mais il a payé un lourd tribut à l'exode rural et à son coût de production.	18	3	2024-12-02 13:49:37.089448+01	\N
172	Quel fromage triple-crème est produit dans les régions de Normandie et de Bourgogne ?	Brillat-savarin_(fromage)	Le brillat-savarin est un fromage triple-crème, doux au palais, qui se mange jeune et bien frais.	6	3	2024-12-02 13:49:37.089448+01	\N
173	Quel fromage français actuel est parfois aussi appelé « brie petit moule » ?	Coulommiers_(fromage)	En gastronomie, le coulommiers est utilisé pour la préparation de la « crème de Coulommiers ».	6	3	2024-12-02 13:49:37.089448+01	\N
174	Quel fromage est cerclé de trois à cinq bandelettes séchées et découpées ?	Livarot_(fromage)	Ces bandes, qui servaient à la bonne tenue du fromage lors de l'affinage, sont à l'origine du surnom de « colonel » du fromage.	18	3	2024-12-02 13:49:37.089448+01	\N
175	Quel fromage français possède une fine couche de cendre à la saveur douce et fruitée ?	Morbier_(fromage)	Morbier est une appellation d'origine désignant un fromage de lait cru de vache, fabriqué dans le massif du Jura en France.	17	3	2024-12-02 13:49:37.089448+01	\N
176	Quel fromage français utilise le taureau comme logotype ?	Laguiole_(fromage)	Le laguiole a failli disparaître au milieu du XXe siècle, du fait des prix de revient élevés de ses méthodes de fabrication.	17	3	2024-12-02 13:49:37.089448+01	\N
177	Combien de litres de lait sont nécessaires pour confectionner une meule de cantal ?	Cantal_(fromage)	Le cantal est protégé par une appellation d'origine contrôlée en France et par une AOP au niveau européen.	17	3	2024-12-02 13:49:37.089448+01	\N
178	Quel fromage de lait de vache se nomme « géromé » en Lorraine ?	Munster_(fromage)	La recette du munster a été laissée aux Vosgiens au IXe siècle par un moine irlandais de passage.	18	3	2024-12-02 13:49:37.089448+01	\N
179	Quel fromage présente une ligne orange en-dessous de sa pâte de couleur ivoire ?	Barousse_(fromage)	Le barousse est une pâte à trous qui pendant les deux premières semaines est lavé, essuyé et retourné tous les jours.	6	3	2024-12-02 13:49:37.089448+01	\N
180	Quel fromage a une pâte qui révèle une saveur de lard fumé et un final épicé ?	Le_Curé_Nantais	Sa recette aurait été transmise au XIXe siècle à Saint-Julien-de-Concelles dans le vignoble nantais par un curé de passage.	18	3	2024-12-02 13:49:37.089448+01	\N
\.


--
-- Data for Name: quiz; Type: TABLE DATA; Schema: public; Owner: oquiz
--

COPY public.quiz (id, title, description, user_id, created_at, updated_at) FROM stdin;
1	Animaux célèbres - I	Tantôt effrayants, tdropantôt drôles.	1	2024-12-02 13:49:37.089448+01	\N
2	Le chocolat - I	Bon pour le moral, un peu moins pour le foie.	1	2024-12-02 13:49:37.089448+01	\N
3	Linux - I	Non, ce n'est pas un pingouin!	1	2024-12-02 13:49:37.089448+01	\N
4	Star Wars - I	La légende continue.	1	2024-12-02 13:49:37.089448+01	\N
5	Les bières belges - I	Patrimoine exporté dans le monde entier	3	2024-12-02 13:49:37.089448+01	\N
6	Les fromages de France - I	Près de 1000 fromages différents	3	2024-12-02 13:49:37.089448+01	\N
7	Animaux célèbres - II	Tantôt effrayants, tantôt drôles.	1	2024-12-02 13:49:37.089448+01	\N
8	Animaux célèbres - III	Tantôt effrayants, tantôt drôles.	1	2024-12-02 13:49:37.089448+01	\N
9	Le chocolat - II	Bon pour le moral, un peu moins pour le foie.	3	2024-12-02 13:49:37.089448+01	\N
10	Le chocolat - III	Bon pour le moral, un peu moins pour le foie.	1	2024-12-02 13:49:37.089448+01	\N
11	Linux - II	Non, ce n'est pas un pingouin!	3	2024-12-02 13:49:37.089448+01	\N
12	Linux - III	Non, ce n'est pas un pingouin!	3	2024-12-02 13:49:37.089448+01	\N
13	Star Wars - II	La légende continue.	1	2024-12-02 13:49:37.089448+01	\N
14	Star Wars - III	La légende continue.	1	2024-12-02 13:49:37.089448+01	\N
15	Les bières belges - II	Patrimoine exporté dans le monde entier	3	2024-12-02 13:49:37.089448+01	\N
16	Les bières belges - III	Patrimoine exporté dans le monde entier	3	2024-12-02 13:49:37.089448+01	\N
17	Les fromages de France - II	Près de 1000 fromages différents	3	2024-12-02 13:49:37.089448+01	\N
18	Les fromages de France - III	Près de 1000 fromages différents	3	2024-12-02 13:49:37.089448+01	\N
\.


--
-- Data for Name: quiz_has_tag; Type: TABLE DATA; Schema: public; Owner: oquiz
--

COPY public.quiz_has_tag (id, quiz_id, tag_id, created_at, updated_at) FROM stdin;
1	1	1	2024-12-02 13:49:37.089448+01	\N
2	1	6	2024-12-02 13:49:37.089448+01	\N
3	2	3	2024-12-02 13:49:37.089448+01	\N
4	2	7	2024-12-02 13:49:37.089448+01	\N
5	2	9	2024-12-02 13:49:37.089448+01	\N
6	3	2	2024-12-02 13:49:37.089448+01	\N
7	4	1	2024-12-02 13:49:37.089448+01	\N
8	5	3	2024-12-02 13:49:37.089448+01	\N
9	6	3	2024-12-02 13:49:37.089448+01	\N
10	6	9	2024-12-02 13:49:37.089448+01	\N
11	7	1	2024-12-02 13:49:37.089448+01	\N
12	7	6	2024-12-02 13:49:37.089448+01	\N
13	8	1	2024-12-02 13:49:37.089448+01	\N
14	8	6	2024-12-02 13:49:37.089448+01	\N
15	9	3	2024-12-02 13:49:37.089448+01	\N
16	9	5	2024-12-02 13:49:37.089448+01	\N
17	9	9	2024-12-02 13:49:37.089448+01	\N
18	10	3	2024-12-02 13:49:37.089448+01	\N
19	11	2	2024-12-02 13:49:37.089448+01	\N
20	11	5	2024-12-02 13:49:37.089448+01	\N
21	12	2	2024-12-02 13:49:37.089448+01	\N
22	12	5	2024-12-02 13:49:37.089448+01	\N
23	13	1	2024-12-02 13:49:37.089448+01	\N
24	14	1	2024-12-02 13:49:37.089448+01	\N
25	15	3	2024-12-02 13:49:37.089448+01	\N
26	16	3	2024-12-02 13:49:37.089448+01	\N
27	17	3	2024-12-02 13:49:37.089448+01	\N
28	17	9	2024-12-02 13:49:37.089448+01	\N
29	18	3	2024-12-02 13:49:37.089448+01	\N
\.


--
-- Data for Name: tag; Type: TABLE DATA; Schema: public; Owner: oquiz
--

COPY public.tag (id, name, created_at, updated_at) FROM stdin;
1	Cinema	2024-12-02 13:49:37.089448+01	\N
2	Technologie	2024-12-02 13:49:37.089448+01	\N
3	Gastronomie	2024-12-02 13:49:37.089448+01	\N
4	Littérature	2024-12-02 13:49:37.089448+01	\N
5	Histoire	2024-12-02 13:49:37.089448+01	\N
6	Animaux	2024-12-02 13:49:37.089448+01	\N
7	Nature	2024-12-02 13:49:37.089448+01	\N
8	Astronomie	2024-12-02 13:49:37.089448+01	\N
9	Géographie	2024-12-02 13:49:37.089448+01	\N
\.


--
-- Data for Name: user; Type: TABLE DATA; Schema: public; Owner: oquiz
--

COPY public."user" (id, email, firstname, lastname, password, created_at, updated_at) FROM stdin;
1	philippe@oclock.io	Philippe	Candille	$2b$10$7vwYGrz2TGeyG4X8YnD9BOag9I.YKGUTJELs64qGmcK/syHu2BzTG	2024-12-02 13:49:37.089448+01	\N
3	chuck@oclock.io	Chuck	Norris	$2b$10$7vwYGrz2TGeyG4X8YnD9BOag9I.YKGUTJELs64qGmcK/syHu2BzTG	2024-12-02 13:49:37.089448+01	\N
\.


--
-- Name: answer_id_seq; Type: SEQUENCE SET; Schema: public; Owner: oquiz
--

SELECT pg_catalog.setval('public.answer_id_seq', 954, true);


--
-- Name: level_id_seq; Type: SEQUENCE SET; Schema: public; Owner: oquiz
--

SELECT pg_catalog.setval('public.level_id_seq', 3, true);


--
-- Name: question_id_seq; Type: SEQUENCE SET; Schema: public; Owner: oquiz
--

SELECT pg_catalog.setval('public.question_id_seq', 180, true);


--
-- Name: quiz_has_tag_id_seq; Type: SEQUENCE SET; Schema: public; Owner: oquiz
--

SELECT pg_catalog.setval('public.quiz_has_tag_id_seq', 29, true);


--
-- Name: quiz_id_seq; Type: SEQUENCE SET; Schema: public; Owner: oquiz
--

SELECT pg_catalog.setval('public.quiz_id_seq', 18, true);


--
-- Name: tag_id_seq; Type: SEQUENCE SET; Schema: public; Owner: oquiz
--

SELECT pg_catalog.setval('public.tag_id_seq', 9, true);


--
-- Name: user_id_seq; Type: SEQUENCE SET; Schema: public; Owner: oquiz
--

SELECT pg_catalog.setval('public.user_id_seq', 3, true);


--
-- Name: answer answer_pkey; Type: CONSTRAINT; Schema: public; Owner: oquiz
--

ALTER TABLE ONLY public.answer
    ADD CONSTRAINT answer_pkey PRIMARY KEY (id);


--
-- Name: level level_pkey; Type: CONSTRAINT; Schema: public; Owner: oquiz
--

ALTER TABLE ONLY public.level
    ADD CONSTRAINT level_pkey PRIMARY KEY (id);


--
-- Name: question question_pkey; Type: CONSTRAINT; Schema: public; Owner: oquiz
--

ALTER TABLE ONLY public.question
    ADD CONSTRAINT question_pkey PRIMARY KEY (id);


--
-- Name: quiz_has_tag quiz_has_tag_pkey; Type: CONSTRAINT; Schema: public; Owner: oquiz
--

ALTER TABLE ONLY public.quiz_has_tag
    ADD CONSTRAINT quiz_has_tag_pkey PRIMARY KEY (id);


--
-- Name: quiz quiz_pkey; Type: CONSTRAINT; Schema: public; Owner: oquiz
--

ALTER TABLE ONLY public.quiz
    ADD CONSTRAINT quiz_pkey PRIMARY KEY (id);


--
-- Name: tag tag_pkey; Type: CONSTRAINT; Schema: public; Owner: oquiz
--

ALTER TABLE ONLY public.tag
    ADD CONSTRAINT tag_pkey PRIMARY KEY (id);


--
-- Name: user user_pkey; Type: CONSTRAINT; Schema: public; Owner: oquiz
--

ALTER TABLE ONLY public."user"
    ADD CONSTRAINT user_pkey PRIMARY KEY (id);


--
-- Name: answer answer_question_id_fkey; Type: FK CONSTRAINT; Schema: public; Owner: oquiz
--

ALTER TABLE ONLY public.answer
    ADD CONSTRAINT answer_question_id_fkey FOREIGN KEY (question_id) REFERENCES public.question(id) ON DELETE CASCADE;


--
-- Name: question question_level_id_fkey; Type: FK CONSTRAINT; Schema: public; Owner: oquiz
--

ALTER TABLE ONLY public.question
    ADD CONSTRAINT question_level_id_fkey FOREIGN KEY (level_id) REFERENCES public.level(id) ON DELETE SET NULL;


--
-- Name: question question_quiz_id_fkey; Type: FK CONSTRAINT; Schema: public; Owner: oquiz
--

ALTER TABLE ONLY public.question
    ADD CONSTRAINT question_quiz_id_fkey FOREIGN KEY (quiz_id) REFERENCES public.quiz(id) ON DELETE CASCADE;


--
-- Name: quiz_has_tag quiz_has_tag_quiz_id_fkey; Type: FK CONSTRAINT; Schema: public; Owner: oquiz
--

ALTER TABLE ONLY public.quiz_has_tag
    ADD CONSTRAINT quiz_has_tag_quiz_id_fkey FOREIGN KEY (quiz_id) REFERENCES public.quiz(id) ON DELETE CASCADE;


--
-- Name: quiz_has_tag quiz_has_tag_tag_id_fkey; Type: FK CONSTRAINT; Schema: public; Owner: oquiz
--

ALTER TABLE ONLY public.quiz_has_tag
    ADD CONSTRAINT quiz_has_tag_tag_id_fkey FOREIGN KEY (tag_id) REFERENCES public.tag(id);


--
-- Name: quiz quiz_user_id_fkey; Type: FK CONSTRAINT; Schema: public; Owner: oquiz
--

ALTER TABLE ONLY public.quiz
    ADD CONSTRAINT quiz_user_id_fkey FOREIGN KEY (user_id) REFERENCES public."user"(id);


--
-- PostgreSQL database dump complete
--

